# STN;YYYYMMDD;   FG;  FHX;  FHN;   TG;   TN;   TX;   DR;   RH
  280;20170801;   20;   40;   10;  179;  131;  222;    0;    0
  280;20170802;   35;   60;   10;  180;  128;  223;    0;   -1
  280;20170803;   70;  110;   30;  185;  157;  217;   26;   37
  280;20170804;   58;   90;   30;  172;  147;  213;   15;   19
  280;20170805;   36;   70;   20;  160;  120;  205;    0;    0
  280;20170806;   33;   60;    0;  153;   89;  207;    0;   -1
  280;20170807;   28;   70;    0;  163;   84;  224;    0;    0
  280;20170808;   37;   70;   20;  178;  132;  228;   29;   26
  280;20170809;   44;   70;    0;  160;  102;  215;    0;    0
  280;20170810;   25;   50;    0;  151;   90;  203;    0;    0
  280;20170811;   16;   30;   10;  151;  116;  193;   10;    3
  280;20170812;   40;   60;   30;  157;  109;  210;   25;   22
  280;20170813;   23;   40;   10;  146;   96;  199;    8;   19
  280;20170814;   31;   50;   20;  173;   99;  233;    0;    0
  280;20170815;   22;   50;   10;  190;  145;  243;    8;    1
  280;20170816;   16;   30;   10;  177;   93;  234;    0;    0
  280;20170817;   39;   60;   10;  171;  127;  195;   48;   19
  280;20170818;   46;   70;   20;  167;  109;  221;    9;   22
  280;20170819;   52;   80;   30;  143;  107;  194;   22;  108
  280;20170820;   50;   80;   30;  145;  104;  194;   19;   31
  280;20170821;   23;   40;    0;  143;   86;  204;    0;    0
  280;20170822;   18;   40;    0;  146;   79;  209;    0;    0
  280;20170823;   31;   40;   20;  172;   98;  236;    3;   42
  280;20170824;   35;   60;   20;  175;  117;  221;    0;   -1
  280;20170825;   25;   30;   20;  166;  112;  231;    0;    0
  280;20170826;   20;   40;   10;  170;  103;  232;    3;    1
  280;20170827;   21;   30;   10;  163;   95;  220;    0;    0
  280;20170828;   14;   40;    0;  177;  103;  248;    0;    0
  280;20170829;   27;   60;   10;  198;  117;  277;    0;    0
  280;20170830;   31;   60;   10;  179;  145;  224;   91;  108
  280;20170831;   34;   60;   10;  141;   78;  189;   65;   49
  280;20170901;   17;   40;    0;  129;   62;  198;    0;    0
  280;20170902;   15;   30;    0;  125;   65;  188;    4;   31
  280;20170903;   11;   20;    0;  131;   42;  201;    0;    0
  280;20170904;   16;   30;   10;  151;   74;  223;    0;    0
  280;20170905;   31;   60;   10;  176;  118;  224;    1;    1
  280;20170906;   40;   80;   20;  150;  125;  179;   42;   61
  280;20170907;   33;   50;   10;  146;  114;  188;   25;   35
  280;20170908;   56;   80;   30;  145;  117;  171;  120;  244
  280;20170909;   25;   40;   10;  131;   91;  170;   65;   70
  280;20170910;   58;   90;   20;  141;   88;  189;    3;    1
  280;20170911;   81;  100;   70;  145;  123;  182;   32;   32
  280;20170912;   58;   80;   20;  133;  101;  178;   16;   56
  280;20170913;   89;  150;   50;  126;   99;  150;   67;  159
  280;20170914;   56;   90;   30;  118;   93;  152;   37;   61
  280;20170915;   50;   70;   30;  119;   74;  172;    0;   -1
  280;20170916;   32;   60;   10;  117;   83;  152;   21;    7
  280;20170917;   18;   30;   10;  118;   92;  163;    0;   -1
  280;20170918;   16;   30;    0;  107;   57;  151;   31;   33
  280;20170919;   22;   40;   10;  109;   59;  167;    6;   14
  280;20170920;   32;   50;   20;  128;  101;  166;    0;    0
  280;20170921;   26;   50;   10;  140;   87;  193;    0;    0
  280;20170922;   14;   40;   10;  133;   73;  194;    0;    0
  280;20170923;   12;   30;    0;  114;   44;  185;    0;    0
  280;20170924;   19;   40;    0;  129;   50;  193;    0;    0
  280;20170925;   23;   30;   10;  139;   98;  171;    0;    0
  280;20170926;   29;   50;   20;  133;   99;  171;    0;    0
  280;20170927;   32;   40;   20;  138;  103;  189;    0;    0
  280;20170928;   25;   30;   10;  140;  105;  173;    0;   -1
  280;20170929;   27;   40;   10;  164;  106;  212;   23;  205
  280;20170930;   23;   40;   10;  129;   71;  158;   73;   71
  280;20171001;   45;   70;   20;  134;   66;  178;    0;   -1
  280;20171002;   64;   90;   40;  141;  103;  176;   54;   50
  280;20171003;   46;   70;   30;  120;   92;  160;   15;   19
  280;20171004;   66;   90;   40;  124;  110;  140;   24;    8
  280;20171005;   79;  150;   40;  121;   94;  155;  112;  129
  280;20171006;   50;   90;   30;  114;   91;  149;   41;   93
  280;20171007;   55;   80;   40;  116;   90;  141;   91;  104
  280;20171008;   33;   50;   10;  103;   34;  147;   15;   10
  280;20171009;   29;   50;   10;  104;   32;  137;   18;   26
  280;20171010;   49;   70;   30;  136;  121;  151;   15;   20
  280;20171011;   77;   90;   60;  143;  130;  153;   31;   21
  280;20171012;   54;   90;   20;  117;   74;  149;    1;    2
  280;20171013;   53;   80;   30;  142;   96;  176;    0;    0
  280;20171014;   50;   70;   10;  147;   88;  181;    0;    0
  280;20171015;   35;   60;   10;  159;   88;  219;    0;    0
  280;20171016;   38;   60;   20;  178;  130;  227;    0;    0
  280;20171017;   47;   80;   20;  128;   74;  168;    0;    0
  280;20171018;   19;   40;   10;  110;   45;  159;    0;    0
  280;20171019;   23;   30;   10;  151;  120;  199;    0;    0
  280;20171020;   58;   80;   30;  140;  118;  166;   75;  138
  280;20171021;   41;   60;   20;  116;   93;  165;   16;   21
  280;20171022;   59;   70;   50;  112;   94;  142;   67;   49
  280;20171023;   49;   90;   10;  111;   67;  140;   53;   41
  280;20171024;   52;   80;   20;  141;   94;  163;   78;   42
  280;20171025;   57;   90;   30;  132;   70;  165;   14;    5
  280;20171026;   39;   60;   30;  124;   86;  161;   11;    6
  280;20171027;   45;   70;   30;  110;   90;  144;   10;   13
  280;20171028;   70;  100;   50;  122;   95;  142;   17;    6
  280;20171029;   90;  130;   60;   97;   68;  139;   12;   17
  280;20171030;   40;   70;   20;   81;   50;  117;   14;   18
  280;20171031;   45;   70;   30;   94;   48;  118;   49;   24
  280;20171101;   50;   70;   40;  119;   95;  145;   18;   15
  280;20171102;   27;   40;   10;   92;   46;  136;   12;   12
  280;20171103;   23;   40;   10;   90;   51;  108;    0;    0
  280;20171104;   39;   60;   30;  100;   70;  124;   16;   16
  280;20171105;   32;   50;   20;   67;   13;  103;   12;   12
  280;20171106;   18;   40;    0;   48;   -6;  109;   13;    6
  280;20171107;   20;   30;    0;   22;  -22;   50;    0;    0
  280;20171108;   21;   30;    0;   61;   36;   76;    0;    0
  280;20171109;   41;   70;   10;   77;   27;  101;   19;   11
  280;20171110;   55;   80;   40;   75;   42;  104;   17;   23
  280;20171111;   39;   60;   20;   50;   10;   93;   21;   23
  280;20171112;   32;   40;   20;   46;    1;   63;   48;   62
  280;20171113;   41;   60;   10;   62;    9;   97;   12;   12
  280;20171114;   50;   80;   30;   71;   11;   93;   52;   21
  280;20171115;   36;   50;   20;   95;   88;  103;   23;    8
  280;20171116;   42;   60;   20;   89;   42;  104;   12;   12
  280;20171117;   30;   50;   10;   45;   -5;  100;    0;    0
  280;20171118;   50;   80;   30;   55;   18;   80;   29;   81
  280;20171119;   55;   90;   30;   63;   24;  100;   17;   29
  280;20171120;   39;   50;   20;   62;   38;  103;  158;  120
  280;20171121;   46;   80;   20;  106;   90;  115;   96;   80
  280;20171122;   81;  100;   60;  107;   96;  122;   42;   16
  280;20171123;   76;  110;   40;   99;   60;  135;   25;   37
  280;20171124;   33;   50;   20;   54;    3;   88;   11;    6
  280;20171125;   30;   60;   10;   20;  -32;   69;    7;    8
  280;20171126;   50;   60;   30;   41;   20;   74;   38;   59
  280;20171127;   66;   90;   40;   58;   24;   86;   58;   53
  280;20171128;   60;   90;   40;   50;   16;   75;   24;   33
  280;20171129;   30;   40;   10;   22;    0;   37;    4;    3
  280;20171130;   17;   30;    0;   10;  -12;   46;   10;    6
  280;20171201;   15;   30;    0;    0;  -49;   44;    0;    0
  280;20171202;   39;   60;   20;   -7;  -23;    9;   34;   19
  280;20171203;   43;   60;   20;   44;    9;   79;   56;   25
  280;20171204;   38;   50;   30;   68;   42;   87;   21;   16
  280;20171205;   51;   60;   40;   76;   68;   85;    0;   -1
  280;20171206;   69;   90;   50;   79;   69;   93;    0;    0
  280;20171207;   86;  110;   40;   57;   42;   74;   41;   88
  280;20171208;   52;   80;   40;   25;    4;   47;   34;   39
  280;20171209;   52;   70;   30;   21;    1;   52;   58;   88
  280;20171210;   58;   80;   40;    3;   -7;   12;   87;   20
  280;20171211;   42;   70;   10;   -3;  -39;   15;   96;  102
  280;20171212;   44;   70;   20;   13;    1;   26;   49;   58
  280;20171213;   71;   80;   50;   29;    9;   52;   65;   81
  280;20171214;   52;   70;   40;   28;    4;   49;   27;   50
  280;20171215;   30;   50;   20;   25;   11;   36;    0;    0
  280;20171216;   34;   50;   30;   24;   -6;   57;   28;   45
  280;20171217;   36;   70;   20;   16;  -39;   51;   29;   46
  280;20171218;   21;   60;    0;   19;   10;   26;   16;   12
  280;20171219;   28;   40;   10;   54;   21;   66;    8;    2
  280;20171220;   28;   50;   10;   67;   51;   78;    5;    1
  280;20171221;   30;   40;   20;   66;   37;   78;   36;    7
  280;20171222;   24;   50;   10;   39;   25;   53;    0;   -1
  280;20171223;   80;   90;   50;   77;   47;   83;    5;    1
  280;20171224;   88;  100;   70;   82;   76;   91;    0;   -1
  280;20171225;   82;  100;   70;   76;   43;   92;    6;    3
  280;20171226;   83;  110;   50;   50;   39;   66;   14;    3
  280;20171227;   50;   80;   40;   46;   31;   54;   79;   39
  280;20171228;   52;   80;   30;   27;   15;   38;   53;   44
  280;20171229;   58;   90;   40;   24;    4;   58;   62;   45
  280;20171230;   68;  100;   40;   67;   31;  102;   60;   67
  280;20171231;   65;  110;   30;   94;   53;  124;  126;  141
  280;20180101;   65;  110;   10;   59;   25;   82;   17;   20
  280;20180102;   52;   90;   30;   53;   30;   75;   41;   20
  280;20180103;  103;  150;   70;   74;   58;   91;   89;  222
  280;20180104;   65;  110;   30;   72;   62;   91;   46;   48
  280;20180105;   55;  110;   20;   59;   34;   72;   32;   32
  280;20180106;   36;   60;   10;   40;   11;   65;   14;   10
  280;20180107;   60;   80;   50;    1;  -26;   24;    0;    0
  280;20180108;   67;   80;   60;   -5;  -30;   20;    0;    0
  280;20180109;   43;   70;   20;    8;  -11;   36;    0;    0
  280;20180110;   22;   30;   10;   55;   34;   71;   17;    3
  280;20180111;   18;   30;   10;   36;   -5;   74;    0;    0
  280;20180112;   20;   30;   10;   34;   26;   46;   37;   12
  280;20180113;   38;   50;   30;   34;   17;   52;    0;   -1
  280;20180114;   41;   50;   30;    7;   -9;   22;    0;    0
  280;20180115;   72;  100;   40;   41;   -3;   70;   83;   52
  280;20180116;   62;   90;   40;   34;    7;   60;   43;   44
  280;20180117;   55;   70;   30;   24;    4;   44;   32;   48
  280;20180118;   68;  160;   20;   33;   -7;   80;   59;  120
  280;20180119;   41;   60;   20;   15;  -26;   48;    5;    5
  280;20180120;   35;   60;   10;   14;   -3;   29;   10;   11
  280;20180121;   27;   40;   20;   16;  -14;   55;    0;   -1
  280;20180122;   36;   50;   20;   44;   11;   71;   64;   24
  280;20180123;   61;   90;   30;   73;   50;  104;   78;   42
  280;20180124;   88;  120;   60;  106;   69;  137;   58;   69
  280;20180125;   53;   80;   20;   71;   47;   89;    0;    0
  280;20180126;   25;   40;   10;   46;   27;   57;    0;    0
  280;20180127;   58;  110;   20;   47;    6;   71;   30;   18
  280;20180128;   78;  100;   60;   89;   67;   99;   50;   29
  280;20180129;   85;  120;   50;   80;   42;   99;   69;  126
  280;20180130;   41;   60;   30;   37;   14;   69;    0;    0
  280;20180131;   67;  100;   40;   50;    6;   89;   64;   46
  280;20180201;   62;   80;   50;   30;   10;   51;   26;   36
  280;20180202;   39;   70;   20;   34;   -3;   66;   54;   37
  280;20180203;   29;   50;   10;    5;   -5;   14;   28;   50
  280;20180204;   50;   60;   30;   12;   -2;   23;    4;    4
  280;20180205;   41;   50;   30;    4;  -27;   21;    0;    0
  280;20180206;   24;   40;   10;  -30;  -68;    9;    0;    0
  280;20180207;    9;   20;    0;  -44;  -83;    8;    0;    0
  280;20180208;   27;   40;   10;  -21;  -79;   25;    0;    0
  280;20180209;   44;   60;   20;    0;  -25;   29;    0;   -1
  280;20180210;   33;   70;   10;    8;  -39;   31;    0;   -1
  280;20180211;   78;  110;   50;   32;    9;   65;   54;   44
  280;20180212;   50;   70;   40;   20;   -3;   61;   10;    9
  280;20180213;   41;   60;   20;   13;  -17;   60;    0;    0
  280;20180214;   51;   80;   20;   12;  -25;   48;    0;    0
  280;20180215;   55;   80;   30;   18;  -20;   46;   31;   10
  280;20180216;   39;   60;   10;   16;  -34;   76;    0;    0
  280;20180217;   13;   20;   10;   -3;  -43;   64;    0;    0
  280;20180218;   25;   40;   10;    8;  -47;   60;    0;    0
  280;20180219;   20;   40;    0;    8;  -47;   53;    0;    0
  280;20180220;   19;   30;    0;   -7;  -58;   46;    0;    0
  280;20180221;   23;   40;   10;   -9;  -62;   42;    0;    0
  280;20180222;   20;   30;   10;   -9;  -56;   27;    0;    0
  280;20180223;   45;   60;   20;   -8;  -41;   32;    0;    0
  280;20180224;   57;   70;   40;  -12;  -44;   37;    0;    0
  280;20180225;   49;   70;   30;  -34;  -62;    7;    0;   -1
  280;20180226;   52;   70;   30;  -29;  -52;    6;    0;   -1
  280;20180227;   37;   60;   20;  -45;  -81;    0;    6;    3
  280;20180228;   72;   90;   50;  -78;  -97;  -54;    0;    0
  280;20180301;   97;  110;   80;  -58;  -93;  -18;    0;    0
  280;20180302;   85;  100;   60;  -56;  -89;   -5;    0;    0
  280;20180303;   62;   80;   50;  -43;  -91;    6;    0;    0
  280;20180304;   43;   50;   40;   10;  -43;   65;   17;   28
  280;20180305;   43;   60;   10;   58;   -2;  117;    6;    1
  280;20180306;   23;   30;   10;   53;    4;  125;    0;    0
  280;20180307;   13;   30;    0;   37;  -28;  100;    0;   -1
  280;20180308;   63;  110;   20;   44;   15;   72;   73;   80
  280;20180309;   38;   90;   10;   48;   13;   86;    0;    0
  280;20180310;   32;   50;   20;   96;   43;  149;   84;   49
  280;20180311;   33;   60;   10;   94;   30;  131;    2;    1
  280;20180312;   19;   40;   10;   90;   22;  159;    8;    5
  280;20180313;   40;   60;   10;   51;   35;   82;   28;   40
  280;20180314;   27;   60;    0;   44;   17;   80;    0;    0
  280;20180315;   71;  100;   40;   48;    9;   97;    0;    0
  280;20180316;   81;  100;   60;   19;  -15;   42;    0;    0
  280;20180317;  108;  130;   90;  -15;  -35;   16;    0;    0
  280;20180318;   93;  110;   60;  -17;  -46;   22;    0;    0
  280;20180319;   52;   70;   10;   -9;  -51;   44;    4;    2
  280;20180320;   52;   90;   20;   26;  -36;   68;    6;    3
  280;20180321;   34;   60;   10;   24;  -38;   80;    4;    2
  280;20180322;   48;   70;   10;   50;   30;   68;  105;   41
  280;20180323;   40;   70;   20;   56;   44;   73;    1;    1
  280;20180324;   22;   40;   10;   65;   46;   97;    0;    0
  280;20180325;   17;   30;    0;   53;    0;   81;    0;    0
  280;20180326;   19;   30;   10;   46;   -5;  107;    7;    5
  280;20180327;   33;   50;   10;   57;   11;  109;   25;    7
  280;20180328;   28;   60;   10;   53;   28;   77;  106;  138
  280;20180329;   40;   60;   20;   51;   17;   93;    9;    6
  280;20180330;   45;   60;   30;   66;   23;  122;   51;   55
  280;20180331;   31;   50;   10;   70;   43;  121;    4;    5
  280;20180401;   32;   50;   10;   34;   10;   77;    0;    0
  280;20180402;   32;   50;   10;   57;  -14;   99;   39;   28
  280;20180403;   53;   80;   30;  128;   85;  166;   27;   13
  280;20180404;   39;   80;   10;   97;   50;  145;   17;   29
  280;20180405;   68;  110;   30;   52;  -14;   89;   14;   11
  280;20180406;   40;   60;   10;   74;  -23;  140;    0;    0
  280;20180407;   33;   50;    0;  124;   47;  212;    0;    0
  280;20180408;   18;   50;    0;  134;   51;  233;    0;    0
  280;20180409;   43;   60;   10;   99;   58;  157;    0;    0
  280;20180410;   43;   60;   20;  142;   77;  207;    0;    0
  280;20180411;   59;   80;   40;   97;   58;  160;    0;   -1
  280;20180412;   55;   80;   20;  107;   55;  171;    2;    9
  280;20180413;   28;   50;   10;  125;   83;  179;   10;    6
  280;20180414;   34;   60;   10;   95;   40;  126;   23;   20
  280;20180415;   20;   30;   10;  111;   38;  168;   50;  113
  280;20180416;   33;   70;   10;  114;   40;  165;    3;    3
  280;20180417;   27;   70;    0;  121;   34;  197;    0;    0
  280;20180418;   20;   30;   10;  163;   58;  244;    0;    0
  280;20180419;   32;   40;   20;  203;  114;  284;    0;    0
  280;20180420;   35;   60;   20;  174;   95;  253;    0;    0
  280;20180421;   27;   50;   10;  126;   53;  189;    0;    0
  280;20180422;   35;   50;   20;  164;   81;  252;    2;   55
  280;20180423;   50;   80;   20;  121;   63;  163;    0;    0
  280;20180424;   48;   70;   10;  117;   92;  159;   64;   58
  280;20180425;   60;  100;   20;  101;   72;  129;   18;   19
  280;20180426;   52;   90;   30;   92;   45;  123;   10;   17
  280;20180427;   33;   50;   20;   96;   49;  146;    0;   -1
  280;20180428;   30;   60;   10;  109;   62;  153;   17;   42
  280;20180429;   41;   80;    0;   97;   41;  123;   45;  109
  280;20180430;   63;   90;   30;  101;   56;  152;   42;  225
  280;20180501;   64;  100;   20;   76;   46;  113;   80;   57
  280;20180502;   47;   70;   20;  111;   38;  161;   14;    4
  280;20180503;   31;   50;    0;   90;   25;  141;    0;    0
  280;20180504;   20;   40;    0;   97;   11;  166;    0;    0
  280;20180505;   33;   50;   20;  131;   42;  200;    0;    0
  280;20180506;   31;   50;   20;  169;   69;  243;    0;    0
  280;20180507;   30;   50;   10;  179;  108;  247;    0;    0
  280;20180508;   32;   50;   10;  194;  100;  264;    0;    0
  280;20180509;   30;   50;   10;  197;  109;  280;    0;    0
  280;20180510;   38;   50;   10;  124;   67;  147;   24;   31
  280;20180511;   22;   40;   10;  127;   37;  184;    0;    0
  280;20180512;   31;   40;   20;  173;  107;  226;    0;    0
  280;20180513;   35;   60;   10;  174;  132;  235;   35;  209
  280;20180514;   37;   60;   10;  189;  109;  252;    0;    0
  280;20180515;   32;   50;   20;  177;  126;  232;    0;    0
  280;20180516;   59;   90;   30;  140;   94;  183;    0;    0
  280;20180517;   61;   70;   30;   99;   83;  114;    0;    0
  280;20180518;   38;   50;   20;  102;   82;  133;    0;    0
  280;20180519;   19;   30;   10;  116;   84;  162;    0;    0
  280;20180520;   29;   60;    0;  158;   67;  234;    0;    0
  280;20180521;   42;   70;   20;  176;  102;  240;    0;    0
  280;20180522;   41;   70;   10;  176;  109;  238;    0;    0
  280;20180523;   41;   70;   10;  188;  141;  251;   17;   10
  280;20180524;   39;   70;   10;  195;  120;  259;    0;    0
  280;20180525;   37;   50;   10;  202;  158;  255;    0;   -1
  280;20180526;   45;   60;   30;  202;  132;  272;    0;    0
  280;20180527;   40;   60;   20;  205;  142;  264;    0;   -1
  280;20180528;   31;   50;   20;  217;  151;  283;    0;    0
  280;20180529;   36;   50;   20;  224;  177;  307;   34;  148
  280;20180530;   17;   30;   10;  215;  161;  270;    3;    1
  280;20180531;   26;   80;   10;  209;  157;  288;   16;  186
  280;20180601;   27;   40;   10;  192;  155;  251;   50;  123
  280;20180602;   35;   50;   10;  170;  150;  197;    4;    1
  280;20180603;   19;   40;   10;  179;  135;  212;    0;    0
  280;20180604;   25;   40;    0;  158;  147;  169;    0;    0
  280;20180605;   28;   40;   10;  155;  107;  210;    0;   -1
  280;20180606;   24;   40;   10;  194;   93;  262;    0;    0
  280;20180607;   25;   50;   10;  211;  131;  287;    0;    0
  280;20180608;   28;   60;   10;  195;  134;  248;    8;    7
  280;20180609;   41;   50;   30;  188;  164;  232;   26;   38
  280;20180610;   38;   50;   20;  170;  141;  203;    0;   -1
  280;20180611;   34;   50;   10;  156;  115;  199;    0;    0
  280;20180612;   40;   60;   30;  143;  129;  165;    0;   -1
  280;20180613;   38;   60;   20;  137;   87;  177;    0;   -1
  280;20180614;   49;   90;   20;  155;   96;  217;   23;   19
  280;20180615;   18;   30;   10;  167;   97;  219;    0;    0
  280;20180616;   30;   60;   10;  172;  115;  224;    3;    1
  280;20180617;   47;   80;   20;  155;  111;  195;    4;    7
  280;20180618;   49;   70;   30;  157;  125;  198;   11;   10
  280;20180619;   38;   60;   10;  180;  153;  219;    7;    5
  280;20180620;   51;   80;   20;  196;  147;  247;    5;    1
  280;20180621;   65;  100;   30;  133;  102;  166;   23;   44
  280;20180622;   63;   90;   30;  126;  101;  160;   40;   84
  280;20180623;   53;   80;   10;  138;  110;  176;    0;   -1
  280;20180624;   39;   60;   20;  132;  107;  154;   29;   20
  280;20180625;   47;   60;   20;  146;  124;  181;    0;    0
  280;20180626;   36;   50;   30;  151;  124;  184;    0;    0
  280;20180627;   28;   50;   10;  164;  124;  225;    0;    0
  280;20180628;   35;   60;   20;  191;  119;  263;    0;    0
  280;20180629;   32;   50;   10;  167;  101;  229;    0;    0
  280;20180630;   49;   70;   20;  192;  110;  254;    0;    0
  280;20180701;   45;   70;   30;  193;  122;  247;    0;    0
  280;20180702;   43;   70;   10;  178;   95;  246;    0;    0
  280;20180703;   29;   50;    0;  159;   70;  221;    0;    0
  280;20180704;   20;   40;    0;  162;   60;  242;    0;    0
  280;20180705;   28;   50;    0;  158;   96;  201;    0;    0
  280;20180706;   38;   60;   10;  172;   92;  222;    0;    0
  280;20180707;   31;   50;   10;  156;   76;  218;    0;    0
  280;20180708;   32;   50;   10;  160;   74;  223;    0;    0
  280;20180709;   37;   70;   10;  152;   92;  192;    3;   10
  280;20180710;   51;   80;   30;  162;  128;  199;   28;   34
  280;20180711;   40;   60;   20;  177;  122;  224;    2;    3
  280;20180712;   39;   60;   10;  177;  117;  242;    0;    0
  280;20180713;   29;   40;   10;  165;  117;  220;    0;    0
  280;20180714;   23;   50;   10;  169;  111;  230;    0;    0
  280;20180715;   27;   50;   10;  187;   81;  263;    0;    0
  280;20180716;   30;   50;   10;  210;  124;  283;    0;    0
  280;20180717;   33;   70;   10;  201;  115;  291;    0;    0
  280;20180718;   25;   40;   10;  182;   89;  245;    0;    0
  280;20180719;   28;   70;   10;  188;  128;  257;    0;    0
  280;20180720;   38;   60;   20;  198;  128;  271;    0;    0
  280;20180721;   33;   50;   30;  222;  165;  283;    0;    0
  280;20180722;   33;   50;    0;  202;  140;  256;    0;    0
  280;20180723;   17;   40;    0;  210;  114;  294;    0;    0
  280;20180724;   24;   50;   10;  247;  162;  322;    0;    0
  280;20180725;   36;   60;   10;  236;  172;  304;    0;    0
  280;20180726;   29;   40;   10;  272;  179;  356;    0;    0
  280;20180727;   40;   60;   20;  282;  212;  351;    0;    0
  280;20180728;   40;   70;   10;  210;  122;  274;    5;   12
  280;20180729;   35;   70;   10;  212;  116;  286;    0;   -1
  280;20180730;   32;   50;   10;  249;  169;  325;    0;   -1
  280;20180731;   32;   70;   10;  212;  120;  305;    3;   41
  280;20180801;   19;   40;    0;  193;   92;  266;    0;    0
  280;20180802;   21;   50;    0;  221;  128;  310;    0;    0
  280;20180803;   21;   40;    0;  226;  131;  304;    0;    0
  280;20180804;   33;   60;   10;  216;  153;  282;    0;    0
  280;20180805;   25;   50;    0;  187;  121;  253;    0;    0
  280;20180806;   24;   50;   10;  212;  103;  310;    0;    0
  280;20180807;   22;   50;    0;  252;  136;  354;    0;    0
  280;20180808;   40;   80;   10;  204;  123;  271;    7;    8
  280;20180809;   37;  100;    0;  187;  101;  268;   28;  175
  280;20180810;   51;   90;   20;  154;  124;  212;   50;  161
  280;20180811;   49;   70;   10;  151;   92;  212;    6;    3
  280;20180812;   32;   70;   10;  182;   98;  259;    0;   -1
  280;20180813;   28;   60;   10;  184;  160;  251;   26;   21
  280;20180814;   45;   70;   20;  181;  151;  224;   10;   21
  280;20180815;   39;   60;   20;  194;  155;  247;    0;    0
  280;20180816;   45;   80;   10;  181;  136;  247;    0;   -1
  280;20180817;   22;   40;   10;  167;   96;  228;   24;   30
  280;20180818;   40;   70;   10;  170;  101;  224;    0;    0
  280;20180819;   48;   70;   20;  189;  152;  219;    3;    4
  280;20180820;   33;   50;   10;  186;  126;  236;    0;   -1
  280;20180821;   12;   30;    0;  192;  131;  254;    0;    0
  280;20180822;   21;   40;    0;  200;  128;  277;    0;    0
  280;20180823;   43;   70;   10;  186;  118;  225;   15;   29
  280;20180824;   49;   80;   20;  142;   96;  193;   21;   39
  280;20180825;   35;   60;   20;  122;   72;  177;   34;   61
  280;20180826;   42;   60;   30;  138;   58;  194;   20;   24
  280;20180827;   55;   70;   30;  160;  122;  201;   24;   20
  280;20180828;   23;   40;   10;  164;  119;  204;    0;   -1
  280;20180829;   27;   50;   10;  166;  114;  235;   18;    7
  280;20180830;   38;   70;   10;  147;   78;  191;   17;   29
  280;20180831;   24;   50;   10;  129;   60;  194;    0;   -1
  280;20180901;   17;   40;    0;  128;   49;  198;    0;    0
  280;20180902;   24;   50;    0;  151;   54;  219;    0;    0
  280;20180903;   27;   40;   10;  196;  158;  243;    0;    0
  280;20180904;   25;   40;   10;  199;  147;  272;    0;    0
  280;20180905;   26;   40;   20;  188;  111;  259;    0;    0
  280;20180906;   15;   30;   10;  161;  122;  192;   45;   35
  280;20180907;   43;   70;   20;  132;  104;  173;   42;   72
  280;20180908;   53;   80;   30;  149;  107;  191;    3;    4
  280;20180909;   42;   60;   20;  174;  134;  224;    0;   -1
  280;20180910;   36;   60;   20;  163;  129;  199;    0;    0
  280;20180911;   67;  100;   20;  169;  143;  202;   31;   16
  280;20180912;   22;   40;   10;  131;   84;  156;   44;   25
  280;20180913;   16;   40;    0;  112;   39;  189;    0;    0
  280;20180914;   28;   50;   10;  119;   42;  185;    0;    0
  280;20180915;   36;   60;   10;  140;   90;  198;   10;   34
  280;20180916;   36;   80;   10;  148;   93;  216;    0;   -1
  280;20180917;   28;   50;   10;  156;   95;  229;    0;    0
  280;20180918;   53;  100;   20;  185;   93;  261;    0;    0
  280;20180919;   62;  100;   30;  187;  139;  240;    0;    0
  280;20180920;   52;   90;   20;  188;  158;  230;    0;    0
  280;20180921;   75;  100;   40;  143;   88;  197;   39;  110
  280;20180922;   46;   80;   30;  117;   81;  157;   14;   25
  280;20180923;   25;   50;   10;  101;   78;  119;   69;   44
  280;20180924;   45;   80;   20;   97;   53;  142;   16;   38
  280;20180925;   21;   40;   10;   97;   28;  161;    2;    2
  280;20180926;   60;  100;   30;  132;   69;  185;    0;    0
  280;20180927;   39;   70;   20;  152;   91;  219;    4;    2
  280;20180928;   36;   60;   10;  109;   28;  158;    0;   -1
  280;20180929;   20;   50;    0;   89;   28;  157;    0;    0
  280;20180930;   31;   50;   10;  103;   23;  163;    0;    0
  280;20181001;   38;   90;   10;   77;   31;  127;   30;   63
  280;20181002;   55;   70;   30;  107;   47;  160;   63;   38
  280;20181003;   44;   70;   20;  116;   76;  150;    2;    1
  280;20181004;   38;   70;   20;  135;  107;  165;    0;   -1
  280;20181005;   25;   50;    0;  131;   68;  199;    0;    0
  280;20181006;   26;   80;    0;  124;   47;  212;    9;    6
  280;20181007;   24;   60;    0;   96;   38;  151;    2;    1
  280;20181008;   35;   70;   10;  106;   46;  165;    0;    0
  280;20181009;   32;   60;   10;  113;   47;  181;    0;    0
  280;20181010;   28;   50;   10;  137;   40;  220;    0;    0
  280;20181011;   26;   40;   20;  166;  105;  228;    0;    0
  280;20181012;   43;   70;   20;  184;  146;  227;    0;    0
  280;20181013;   37;   50;   20;  203;  164;  265;    0;    0
  280;20181014;   35;   70;   10;  190;  121;  252;    0;    0
  280;20181015;   20;   50;    0;  165;   97;  231;    0;   -1
  280;20181016;   21;   40;   10;  165;  115;  241;    0;    0
  280;20181017;   22;   30;   10;  140;   82;  203;    0;    0
  280;20181018;   26;   50;    0;  110;   24;  159;    6;    4
  280;20181019;   12;   20;    0;   60;   -7;  135;    0;    0
  280;20181020;   24;   40;   10;   97;  -10;  154;    0;    0
  280;20181021;   36;   60;   20;  125;   82;  169;    0;   -1
  280;20181022;   40;   60;   20;  101;   38;  148;   22;    8
  280;20181023;   70;   80;   50;  123;   68;  136;   59;   32
  280;20181024;   60;   90;   30;  129;  111;  148;   46;   32
  280;20181025;   39;   50;   20;  115;   79;  143;   14;    9
  280;20181026;   50;   70;   30;   91;   54;  122;   28;   34
  280;20181027;   29;   50;   20;   53;   10;  101;   15;   29
  280;20181028;   37;   60;   10;   30;  -38;   79;    0;    0
  280;20181029;   52;   70;   30;   49;   20;   68;    0;    0
  280;20181030;   57;  100;   40;   61;   44;   86;   50;   80
  280;20181031;   45;   90;   20;   82;   60;  111;    3;    2
  280;20181101;   31;   40;   20;   96;   67;  135;   56;   34
  280;20181102;   38;   60;   20;   74;    7;  115;   16;    8
  280;20181103;   24;   40;   10;   46;   -8;  104;    0;    0
  280;20181104;   22;   30;   10;   55;  -11;  115;    0;    0
  280;20181105;   25;   40;   10;   92;   62;  105;    0;    0
  280;20181106;   22;   40;   10;  107;   54;  176;    0;    0
  280;20181107;   38;   60;   10;  118;   83;  156;    0;   -1
  280;20181108;   33;   60;   10;   82;   11;  132;    0;    0
  280;20181109;   28;   40;   20;   83;   34;  119;   25;   12
  280;20181110;   48;   70;   30;  117;   93;  131;   31;   16
  280;20181111;   49;   80;   30;  112;   79;  133;   36;   16
  280;20181112;   25;   40;   20;   95;   82;  112;   69;   44
  280;20181113;   55;   90;   30;   90;   61;  122;    7;   15
  280;20181114;   33;   50;   20;   84;   41;  124;    0;    0
  280;20181115;   21;   30;   10;   49;    4;  109;    0;    0
  280;20181116;   25;   40;   10;   23;    0;   51;    0;    0
  280;20181117;   43;   50;   30;   29;    4;   69;    0;    0
  280;20181118;   40;   60;   20;   28;  -32;   61;    0;    0
  280;20181119;   70;   90;   50;   51;   29;   70;    0;   -1
  280;20181120;   74;  100;   50;   31;   13;   42;   36;   11
  280;20181121;   48;   60;   40;   24;    9;   37;    0;   -1
  280;20181122;   37;   50;   30;   20;   13;   25;    0;   -1
  280;20181123;   30;   40;   20;   28;   -3;   60;    0;    0
  280;20181124;   38;   50;   20;   16;    3;   26;    0;    0
  280;20181125;   42;   60;   30;   40;   20;   52;    0;    0
  280;20181126;   46;   70;   30;   38;   22;   46;    0;    0
  280;20181127;   30;   40;   20;   12;  -16;   36;    0;    0
  280;20181128;   54;   70;   40;   30;  -17;   72;   20;   16
  280;20181129;   64;   80;   50;   91;   70;  104;  110;   96
  280;20181130;   53;   70;   40;   89;   59;  110;    0;    0
  280;20181201;   54;   70;   40;   69;   45;   87;   50;   15
  280;20181202;   60;   70;   50;  110;   87;  124;   63;   28
  280;20181203;   62;   90;   30;  105;   59;  126;   37;   88
  280;20181204;   28;   40;   20;   39;   -5;   86;    0;   -1
  280;20181205;   33;   60;   10;   33;  -12;   68;   49;   35
  280;20181206;   59;   90;   40;   99;   68;  116;   54;   33
  280;20181207;   73;  110;   50;   97;   50;  115;  165;   91
  280;20181208;   88;  110;   50;   80;   55;   98;  103;  188
  280;20181209;   63;   90;   30;   69;   41;   89;   56;  106
  280;20181210;   56;   80;   40;   51;   34;   69;   16;   22
  280;20181211;   30;   50;   10;   40;    0;   80;    3;    2
  280;20181212;   17;   30;   10;   21;   -5;   46;    0;   -1
  280;20181213;   39;   50;   30;   18;   -7;   35;    0;    0
  280;20181214;   33;   40;   20;   14;    0;   31;    0;    0
  280;20181215;   41;   70;   20;    0;  -15;   12;    0;    0
  280;20181216;   38;   60;   20;   -4;  -23;   15;   41;   20
  280;20181217;   36;   50;   20;   41;   14;   69;   35;   11
  280;20181218;   41;   50;   30;   55;   44;   66;    0;    0
  280;20181219;   46;   60;   30;   69;   51;   85;    0;   -1
  280;20181220;   46;   60;   40;   70;   55;   79;   31;   25
  280;20181221;   64;  110;   30;   82;   58;  116;   91;  143
  280;20181222;   39;   70;   20;   73;   53;   90;   73;   86
  280;20181223;   34;   60;   10;   65;   54;   77;  125;   75
  280;20181224;   25;   40;   10;   42;   -8;   68;    0;   -1
  280;20181225;   41;   50;   30;   59;   39;   80;    0;    0
  280;20181226;   48;   60;   30;   64;   50;   79;    3;    1
  280;20181227;   34;   50;   20;   49;   44;   55;    0;   -1
  280;20181228;   28;   40;   10;   60;   47;   68;    0;   -1
  280;20181229;   72;  110;   30;   83;   66;  101;   27;   27
  280;20181230;   37;   80;   20;   78;   66;   88;    6;    2
  280;20181231;   40;   60;   20;   88;   80;   99;   10;    5
  280;20190101;   78;  100;   50;   69;   46;   87;   36;   20
  280;20190102;   51;  100;   10;   46;   -7;   69;    1;    1
  280;20190103;   25;   50;   10;   25;  -23;   65;    0;   -1
  280;20190104;   44;   60;   10;   53;    2;   74;   31;   17
  280;20190105;   73;   90;   60;   76;   71;   81;   90;   28
  280;20190106;   39;   60;   20;   64;   41;   75;   50;   22
  280;20190107;   60;  100;   30;   70;   35;   94;   66;   48
  280;20190108;  104;  130;   80;   67;   47;   83;   34;   28
  280;20190109;   59;   90;   20;   44;    8;   62;    8;   17
  280;20190110;   23;   40;   10;   23;  -21;   53;   42;   10
  280;20190111;   53;   80;   20;   70;   43;   84;   22;   11
  280;20190112;   58;   80;   40;   71;   58;   84;   39;   26
  280;20190113;   77;  110;   50;   80;   59;   97;   83;  114
  280;20190114;   55;   80;   40;   38;   18;   59;   12;   12
  280;20190115;   68;   80;   40;   65;   26;   81;   15;    3
  280;20190116;   81;  100;   40;   64;   42;   79;   48;   18
  280;20190117;   51;   70;   20;   28;  -14;   46;   47;   35
  280;20190118;   30;   50;   20;   -3;  -48;   47;    2;    1
  280;20190119;   22;   30;   10;  -19;  -46;   22;    0;    0
  280;20190120;   14;   20;    0;  -44;  -81;    1;    0;    0
  280;20190121;   24;   40;   10;  -23;  -90;   23;    0;   -1
  280;20190122;   49;   70;   40;  -16;  -29;    2;   89;   24
  280;20190123;   24;   40;   10;  -26;  -49;  -14;    0;   -1
  280;20190124;   18;   30;   10;  -47;  -56;  -39;    0;    0
  280;20190125;   36;   70;   10;  -28;  -66;   36;   63;   23
  280;20190126;   57;   70;   40;   63;   29;   74;  115;  127
  280;20190127;   57;   70;   40;   54;   33;   71;   81;   53
  280;20190128;   48;   90;   10;   28;   -4;   48;   81;   45
  280;20190129;   40;   60;   30;    9;  -21;   40;    2;    1
  280;20190130;   24;   30;   10;    0;  -17;   16;    0;   -1
  280;20190131;   33;   50;   10;   -4;  -21;   14;    0;   -1
  280;20190201;   39;   60;   30;   -3;  -16;    6;   22;   15
  280;20190202;   26;   30;   20;    9;   -7;   19;    0;   -1
  280;20190203;   31;   60;   20;    9;  -33;   63;    0;   -1
  280;20190204;   70;   90;   40;   16;   -8;   34;   69;   22
  280;20190205;   45;   60;   30;   44;   33;   62;    0;    0
  280;20190206;   49;   70;   30;   49;   32;   63;   93;   50
  280;20190207;   91;  140;   40;   71;   57;   93;   74;   52
  280;20190208;   82;  100;   60;   74;   46;   93;   86;   42
  280;20190209;  110;  150;   70;   79;   68;   88;    3;    1
  280;20190210;   45;   70;   20;   58;   39;   77;  166;  132
  280;20190211;   55;   90;   30;   52;   18;   75;    5;    7
  280;20190212;   45;   60;   20;   52;   -5;   89;    0;    0
  280;20190213;   54;   70;   30;   65;   29;   86;    0;    0
  280;20190214;   26;   40;   10;   44;  -10;  119;    0;    0
  280;20190215;   23;   40;   10;   58;  -25;  149;    0;    0
  280;20190216;   40;   60;   20;   79;   24;  137;    0;    0
  280;20190217;   27;   40;   10;   76;    8;  149;    0;    0
  280;20190218;   30;   50;   10;   78;   25;  143;    0;   -1
  280;20190219;   54;   70;   40;   64;   43;   81;   21;   13
  280;20190220;   52;   70;   40;   78;   45;  105;    0;    0
  280;20190221;   41;   60;   20;   75;   44;   95;   60;   10
  280;20190222;   23;   40;   10;   82;   49;  110;    6;    1
  280;20190223;   25;   40;   10;   50;    0;  110;    0;    0
  280;20190224;   14;   30;    0;   45;  -33;  145;    0;    0
  280;20190225;   10;   20;    0;   52;  -32;  167;    0;    0
  280;20190226;    9;   20;    0;   60;  -34;  189;    0;    0
  280;20190227;   20;   40;    0;   71;  -20;  183;    0;    0
  280;20190228;   23;   60;   10;   62;   15;  109;    0;   -1
  280;20190301;   35;   60;   10;   58;   43;   80;    0;    0
  280;20190302;   42;  100;   10;   68;  -15;  118;    0;   -1
  280;20190303;   82;  100;   40;  102;   89;  113;  156;  173
  280;20190304;   97;  120;   70;   80;   55;  117;   50;   48
  280;20190305;   65;   90;   30;   63;   32;  103;    2;    2
  280;20190306;   54;   70;   30;   88;   39;  115;   52;   31
  280;20190307;   90;  130;   40;   87;   54;  110;   86;  163
  280;20190308;   65;  110;   30;   69;   52;   97;   50;   33
  280;20190309;   87;  120;   60;   70;   47;  100;   38;   46
  280;20190310;   40;   70;   10;   39;    9;   66;   91;  153
  280;20190311;   64;  110;   30;   42;   13;   68;   54;   85
  280;20190312;   77;  120;   30;   54;   12;   89;   48;   38
  280;20190313;   99;  130;   50;   65;   42;   84;  120;  118
  280;20190314;   77;  100;   50;   68;   55;   85;   98;  141
  280;20190315;   78;  130;   50;   80;   53;  124;   17;   10
  280;20190316;   93;  150;   30;   85;   54;  107;   58;   59
  280;20190317;   82;  130;   60;   65;   39;  106;   30;   48
  280;20190318;   58;   90;   30;   51;   -1;   92;    7;   12
  280;20190319;   26;   30;   10;   53;  -20;  116;    0;    0
  280;20190320;   40;   50;   30;   79;   30;  110;    0;   -1
  280;20190321;   38;   70;    0;   89;   70;  110;    0;    0
  280;20190322;   26;   40;   10;  105;   59;  180;    0;    0
  280;20190323;   28;   50;   10;   63;   17;  117;    0;   -1
  280;20190324;   33;   70;   10;   58;   18;  106;    6;    5
  280;20190325;   72;  100;   40;   62;   28;   92;   18;   44
  280;20190326;   40;   70;   20;   65;   20;  100;   14;    9
  280;20190327;   30;   50;   20;   76;   13;  119;    0;    0
  280;20190328;   12;   20;    0;   95;   61;  125;    0;    0
  280;20190329;   22;   60;    0;   96;   36;  151;    0;    0
  280;20190330;   26;   50;    0;   91;   16;  185;    0;    0
  280;20190331;   43;   70;   20;   62;    6;  104;    0;    0
  280;20190401;   36;   50;   20;   59;  -11;  122;    0;    0
  280;20190402;   37;   80;   20;   90;   19;  175;    9;   23
  280;20190403;   28;   50;   10;   78;   47;  100;    4;    1
  280;20190404;   13;   20;   10;   60;   26;   76;   99;   23
  280;20190405;   21;   40;   10;   70;   51;   86;   79;   50
  280;20190406;   27;   40;   10;  104;   66;  160;    0;    0
  280;20190407;   37;   60;   10;  130;   60;  207;    0;    0
  280;20190408;   40;   70;   20;  107;   36;  181;    0;    0
  280;20190409;   73;   90;   50;   74;   22;  124;    0;    0
  280;20190410;   58;   80;   40;   45;   -2;   94;    0;    0
  280;20190411;   43;   60;   20;   56;    9;  104;    0;    0
  280;20190412;   41;   60;   20;   42;    8;   82;    0;   -1
  280;20190413;   39;   70;   20;   23;  -13;   64;   12;   16
  280;20190414;   46;   70;   30;   56;    1;  104;    0;    0
  280;20190415;   52;   70;   30;   97;   58;  153;    0;    0
  280;20190416;   53;   70;   40;   95;   30;  164;    0;    0
  280;20190417;   43;   60;   30;  130;   56;  197;    0;    0
  280;20190418;   48;   70;   30;  144;   67;  215;    0;    0
  280;20190419;   42;   60;   30;  152;   78;  235;    0;    0
  280;20190420;   38;   60;   20;  140;   58;  224;    0;    0
  280;20190421;   32;   50;   20;  130;   25;  215;    0;    0
  280;20190422;   54;   70;   30;  162;   66;  235;    0;    0
  280;20190423;   68;   90;   40;  160;  101;  215;    0;    0
  280;20190424;   47;   80;   20;  182;  116;  261;   26;  103
  280;20190425;   45;   80;   10;  138;   85;  204;   30;   39
  280;20190426;   28;   50;   10;  116;   73;  158;   17;    9
  280;20190427;   40;   60;   20;   93;   58;  127;   38;   26
  280;20190428;   21;   40;    0;   74;   26;  121;    6;    3
  280;20190429;   35;   50;    0;   79;   -2;  116;    0;   -1
  280;20190430;   35;   50;   20;   93;   79;  127;    0;    0
  280;20190501;   30;   40;   20;   88;   73;  109;    0;    0
  280;20190502;   44;   80;   30;   99;   45;  143;    3;    1
  280;20190503;   40;   60;   20;   61;   18;  106;    3;    7
  280;20190504;   47;   80;   20;   56;    5;  104;   17;   35
  280;20190505;   41;   70;   20;   68;   19;  113;    4;    2
  280;20190506;   41;   60;   10;   64;    5;  105;   12;   36
  280;20190507;   23;   50;   10;   63;  -16;  122;    8;   25
  280;20190508;   37;   60;   20;   94;   29;  145;    4;    3
  280;20190509;   34;   60;   10;  113;   61;  179;    7;   56
  280;20190510;   31;   50;   10;   90;   25;  135;   33;   33
  280;20190511;   40;   70;   10;   81;   18;  131;    0;    0
  280;20190512;   35;   70;   10;   77;    3;  134;    0;    0
  280;20190513;   30;   50;    0;   79;   -5;  142;    0;    0
  280;20190514;   32;   60;    0;   90;   11;  149;    0;    0
  280;20190515;   35;   70;   10;  104;   27;  164;    0;    0
  280;20190516;   48;   70;   20;  113;   55;  160;    6;    4
  280;20190517;   34;   50;   20;  122;   97;  151;    5;    2
  280;20190518;   23;   30;   10;  163;  100;  230;    0;   -1
  280;20190519;   31;   60;   10;  154;   73;  224;    9;   17
  280;20190520;   31;   50;   10;  137;  111;  170;    0;   -1
  280;20190521;   59;   70;   50;  128;  110;  176;    0;    0
  280;20190522;   38;   50;   10;  120;   54;  170;    0;    0
  280;20190523;   35;   60;    0;  142;   45;  219;    0;    0
  280;20190524;   40;   70;   10;  138;   61;  216;    0;    0
  280;20190525;   29;   50;   10;  118;   75;  165;    0;   -1
  280;20190526;   63;  100;   20;  151;   81;  207;   45;  116
  280;20190527;   46;   70;   10;  132;   88;  167;    0;    0
  280;20190528;   30;   60;    0;  100;   32;  144;    0;    0
  280;20190529;   27;   50;   10;  126;   17;  189;    0;    0
  280;20190530;   59;   80;   30;  162;  127;  203;    5;    7
  280;20190531;   49;   80;   30;  174;  133;  220;    1;    4
  280;20190601;   33;   50;   20;  171;  101;  231;    0;    0
  280;20190602;   39;   70;   20;  224;  137;  299;    6;   69
  280;20190603;   29;   50;   10;  162;   98;  200;    0;    0
  280;20190604;   31;   70;   10;  192;  117;  243;   13;   26
  280;20190605;   43;   60;   20;  189;  157;  239;    0;    0
  280;20190606;   37;   70;    0;  143;   75;  184;   26;   31
  280;20190607;   43;   80;   10;  161;   66;  235;   13;   92
  280;20190608;   86;  110;   50;  144;  116;  176;   18;   33
  280;20190609;   39;   50;   20;  149;   96;  205;    0;   -1
  280;20190610;   51;   70;   20;  177;  131;  228;   30;   58
  280;20190611;   31;   70;   10;  151;   91;  189;   40;  155
  280;20190612;   33;   70;   10;  147;   89;  183;   23;   26
  280;20190613;   53;   80;   30;  150;  107;  206;    9;   23
  280;20190614;   28;   50;   10;  180;  107;  238;    3;    2
  280;20190615;   30;   90;    0;  161;  104;  200;   46;   70
  280;20190616;   35;   60;   10;  166;   89;  221;    0;    0
  280;20190617;   25;   40;   10;  193;  117;  259;    0;    0
  280;20190618;   22;   50;    0;  198;  121;  269;    0;    0
  280;20190619;   30;   80;   10;  201;  141;  266;   11;   52
  280;20190620;   30;   40;    0;  163;  111;  203;   17;   67
  280;20190621;   27;   50;    0;  147;   82;  202;    4;    7
  280;20190622;   30;   60;    0;  153;   64;  208;    0;    0
  280;20190623;   39;   50;   20;  208;  124;  277;    0;    0
  280;20190624;   42;   60;   30;  244;  174;  300;    0;    0
  280;20190625;   29;   50;   10;  263;  191;  335;    0;    0
  280;20190626;   45;   60;   10;  178;  138;  212;    0;    0
  280;20190627;   43;   60;   30;  149;  131;  183;    0;    0
  280;20190628;   28;   40;   20;  160;  110;  209;    0;    0
  280;20190629;   19;   30;   10;  211;  100;  304;    0;    0
  280;20190630;   42;   70;   10;  207;  124;  272;    0;    0
  280;20190701;   50;   80;   30;  175;  128;  223;    0;    0
  280;20190702;   41;   60;   10;  152;   81;  200;    3;    1
  280;20190703;   38;   70;   10;  137;   70;  190;    0;    0
  280;20190704;   32;   60;   10;  155;   52;  219;    0;    0
  280;20190705;   34;   50;   20;  165;  105;  214;    0;    0
  280;20190706;   40;   60;   10;  152;  108;  195;   22;   25
  280;20190707;   39;   60;   20;  138;  104;  173;    0;   -1
  280;20190708;   39;   60;   20;  129;   79;  171;   12;   12
  280;20190709;   37;   60;   10;  139;   67;  195;    2;    1
  280;20190710;   23;   50;   10;  134;   65;  183;   49;   27
  280;20190711;   23;   50;   10;  165;  127;  208;   32;   26
  280;20190712;   23;   50;   10;  178;  150;  233;   12;   33
  280;20190713;   43;   60;   30;  160;  138;  195;    0;   -1
  280;20190714;   34;   40;   20;  144;  126;  161;    1;    1
  280;20190715;   35;   60;   20;  148;  126;  186;    0;   -1
  280;20190716;   30;   40;   10;  148;  134;  167;    0;    0
  280;20190717;   15;   30;    0;  174;  132;  233;    0;    0
  280;20190718;   33;   50;   10;  188;  112;  257;   14;    9
  280;20190719;   18;   30;   10;  194;  125;  251;    0;   -1
  280;20190720;   39;   60;   20;  197;  156;  242;   10;   30
  280;20190721;   43;   70;   10;  173;  108;  227;    0;    0
  280;20190722;   38;   70;   10;  194;  116;  265;    0;   -1
  280;20190723;   27;   50;   10;  231;  131;  316;    0;    0
  280;20190724;   29;   40;   10;  275;  188;  369;    0;    0
  280;20190725;   24;   50;   10;  283;  161;  369;    0;    0
  280;20190726;   50;   70;   30;  281;  215;  349;    0;    0
  280;20190727;   64;   80;   50;  247;  182;  312;    0;    0
  280;20190728;   40;   50;   20;  229;  170;  299;    0;    0
  280;20190729;   27;   40;   10;  202;  143;  247;    0;   -1
  280;20190730;   26;   50;   10;  215;  137;  303;    0;    0
  280;20190731;   44;   80;   10;  179;  140;  241;   12;   12
  280;20190801;   34;   60;   10;  174;  132;  235;    7;   63
  280;20190802;   27;   60;   20;  185;  143;  238;    6;   50
  280;20190803;   27;   50;   10;  177;  123;  208;    0;    0
  280;20190804;   20;   30;   10;  178;   96;  240;    0;    0
  280;20190805;   33;   70;   10;  196;  154;  263;    0;   -1
  280;20190806;   36;   70;    0;  189;  133;  249;    0;    0
  280;20190807;   45;   80;   10;  184;  142;  243;    5;   26
  280;20190808;   48;   80;    0;  183;  107;  245;    0;    0
  280;20190809;   30;   50;    0;  172;   94;  208;   38;   58
  280;20190810;   93;  130;   40;  199;  166;  240;    5;    4
  280;20190811;   60;   80;   30;  184;  144;  228;    0;   -1
  280;20190812;   43;   60;   20;  168;  132;  226;    4;    7
  280;20190813;   28;   40;   10;  133;   82;  190;   35;  107
  280;20190814;   35;   60;   20;  155;   76;  221;   46;   49
  280;20190815;   51;   70;   30;  170;  141;  211;   34;   42
  280;20190816;   42;   60;   30;  179;  132;  223;   31;   10
  280;20190817;   52;   70;   30;  177;  154;  227;   48;   28
  280;20190818;   40;   60;   20;  163;  126;  202;   11;    2
  280;20190819;   58;   90;   30;  168;  130;  224;    0;   -1
  280;20190820;   37;   60;   10;  156;   87;  220;    0;   -1
  280;20190821;   21;   40;    0;  152;   76;  228;    0;    0
  280;20190822;   28;   70;    0;  168;   80;  251;    0;    0
  280;20190823;   23;   40;   10;  180;   83;  256;    0;    0
  280;20190824;   30;   40;   20;  212;  134;  298;    0;    0
  280;20190825;   22;   30;   10;  219;  125;  311;    0;    0
  280;20190826;   25;   50;    0;  226;  122;  310;    0;    0
  280;20190827;   26;   40;   10;  250;  165;  334;    0;    0
  280;20190828;   25;   60;   10;  236;  160;  321;   10;    3
  280;20190829;   35;   70;   10;  193;  120;  254;   12;    5
  280;20190830;   28;   60;    0;  174;   98;  253;    0;    0
  280;20190831;   27;   70;   10;  204;  103;  300;   15;   71
  280;20190901;   33;   50;   20;  155;   91;  202;   10;   15
  280;20190902;   37;   60;   20;  145;   78;  210;    0;   -1
  280;20190903;   43;   60;   20;  165;  135;  198;   19;   13
  280;20190904;   53;   80;   30;  148;  103;  203;   31;   23
  280;20190905;   51;   80;   20;  132;   67;  178;   15;   21
  280;20190906;   53;   90;   30;  132;   87;  174;   50;  102
  280;20190907;   28;   50;   20;  131;   67;  186;   48;  168
  280;20190908;   14;   30;   10;  136;   93;  186;   12;   46
  280;20190909;   18;   40;    0;  118;   53;  187;    0;    0
  280;20190910;   25;   50;   10;  120;   38;  195;    0;    0
  280;20190911;   47;   80;   10;  138;   84;  162;   79;  121
  280;20190912;   46;   70;   20;  176;  123;  222;    0;    0
  280;20190913;   34;   60;    0;  155;   72;  199;    0;   -1
  280;20190914;   13;   30;    0;  122;   55;  195;    0;    0
  280;20190915;   38;   60;   20;  143;   84;  210;    0;   -1
  280;20190916;   28;   50;   10;  129;   86;  174;   43;   18
  280;20190917;   49;   90;   20;  122;   69;  170;    0;   -1
  280;20190918;   31;   60;   10;  107;   43;  168;    0;   -1
  280;20190919;   18;   40;   10;   99;   33;  171;    0;    0
  280;20190920;   14;   30;   10;  104;   34;  164;    0;    0
  280;20190921;   28;   50;   10;  144;   57;  227;    0;    0
  280;20190922;   28;   40;   20;  179;   96;  254;    0;   -1
  280;20190923;   25;   40;   10;  158;  109;  194;   33;   25
  280;20190924;   31;   60;   10;  149;  101;  193;   70;   64
  280;20190925;   26;   40;   10;  150;  133;  176;   13;   11
  280;20190926;   46;   60;   30;  158;  129;  174;   60;  102
  280;20190927;   54;   70;   40;  151;  122;  196;   23;   39
  280;20190928;   65;   90;   40;  145;  127;  178;   47;  180
  280;20190929;   58;   70;   40;  145;  127;  164;  137;  216
  280;20190930;   52;  120;   20;  136;  110;  175;   57;   77
  280;20191001;   40;   80;   20;  131;  101;  180;   97;  146
  280;20191002;   40;   60;   20;  107;   68;  143;   31;   46
  280;20191003;   27;   40;   10;  110;   66;  160;    9;    6
  280;20191004;   35;   50;   20;   91;   71;  101;   68;   35
  280;20191005;   22;   40;   10;   88;   18;  142;    0;    0
  280;20191006;   48;   60;   30;   84;   53;  103;    0;    0
  280;20191007;   37;   50;   30;   89;   24;  128;   11;    5
  280;20191008;   53;   70;   40;  130;  105;  166;   49;   73
  280;20191009;   51;   70;   40;  102;   81;  128;   53;   97
  280;20191010;   60;   80;   40;  115;   84;  152;    6;   10
  280;20191011;   93;  110;   70;  139;  124;  156;  118;  106
  280;20191012;   33;   60;   10;  117;  102;  140;  145;   73
  280;20191013;   44;   90;   20;  152;  107;  201;   29;   15
  280;20191014;   31;   50;   10;  132;   97;  150;    2;    3
  280;20191015;   29;   50;   10;  147;  110;  182;   70;   62
  280;20191016;   43;   50;   30;  133;  114;  159;   99;  106
  280;20191017;   33;   50;   10;  132;  109;  163;   59;   27
  280;20191018;   60;  100;   20;  122;  100;  162;   11;   29
  280;20191019;   43;   60;   30;  115;   99;  138;    0;   -1
  280;20191020;   21;   30;   10;  106;   77;  129;    0;    0
  280;20191021;   35;   50;   10;  120;   92;  160;   53;   24
  280;20191022;   27;   40;    0;  115;   69;  145;    0;   -1
  280;20191023;   21;   40;    0;   98;   32;  144;    0;    0
  280;20191024;   37;   80;   10;  137;  106;  169;    5;    4
  280;20191025;   63;   90;   40;  134;  112;  153;   13;    5
  280;20191026;   88;  100;   70;  157;  115;  180;   34;   33
  280;20191027;   47;   70;   30;   94;   60;  133;   11;    3
  280;20191028;   28;   50;   10;   76;   31;  128;    2;    2
  280;20191029;   20;   50;    0;   46;   -4;  110;    0;    0
  280;20191030;   24;   40;   20;   32;  -17;   93;    0;    0
  280;20191031;   28;   40;   20;   27;  -21;   85;    0;    0
  280;20191101;   34;   40;   20;   47;   -4;  112;   90;   38
  280;20191102;   58;   90;   40;  124;  102;  146;   74;   76
  280;20191103;   32;   50;   20;  108;   91;  126;   63;   92
  280;20191104;   24;   40;   10;  101;   80;  121;   11;    4
  280;20191105;   18;   30;    0;   96;   83;  112;   40;   17
  280;20191106;   19;   30;   10;   67;   19;  102;   19;    8
  280;20191107;   35;   50;   10;   63;   17;   88;   36;   44
  280;20191108;   25;   40;    0;   46;   -8;   99;    0;    0
  280;20191109;   42;   80;    0;   43;  -14;   74;   46;   34
  280;20191110;   38;   50;   20;   49;    6;   95;    0;   -1
  280;20191111;   54;   70;   20;   47;   11;   73;   12;    6
  280;20191112;   61;   80;   40;   48;   34;   64;   25;   33
  280;20191113;   55;   90;   20;   57;   26;  102;   14;   10
  280;20191114;   32;   40;   20;   43;   21;   70;    0;    0
  280;20191115;   46;   70;    0;   36;   10;   52;    0;    0
  280;20191116;   36;   60;   10;   42;    8;   61;    0;   -1
  280;20191117;   23;   40;   10;   37;   -9;   59;   26;   16
  280;20191118;   47;   60;   40;   73;   57;   82;  166;  143
  280;20191119;   33;   50;   10;   45;  -23;   91;   14;   12
  280;20191120;   14;   20;   10;  -10;  -33;   11;    0;    0
  280;20191121;   30;   40;   20;   21;   -8;   44;    0;    0
  280;20191122;   30;   60;   20;   46;   15;   91;    0;   -1
  280;20191123;   59;   70;   50;   64;   38;   88;    0;    0
  280;20191124;   31;   50;   10;   58;   38;   76;    0;    0
  280;20191125;   21;   30;   10;   59;   31;   74;    0;    0
  280;20191126;   34;   50;   10;   80;   25;  103;    8;    5
  280;20191127;   43;   60;   30;   99;   89;  119;   49;   51
  280;20191128;   61;   90;   40;   90;   55;  108;   99;   91
  280;20191129;   37;   50;   20;   47;    3;   81;   12;   15
  280;20191130;   17;   30;   10;   13;  -30;   79;    0;   -1
  280;20191201;   12;   30;    0;    3;  -34;   47;    3;    2
  280;20191202;   27;   40;   20;   45;  -12;   87;    7;    9
  280;20191203;   39;   50;   20;   54;   12;   82;    1;    1
  280;20191204;   32;   50;   10;   31;  -23;   72;    0;    0
  280;20191205;   53;  110;   10;   15;  -30;   57;   13;    4
  280;20191206;   91;  110;   50;   69;   56;   86;  155;  100
  280;20191207;   62;   80;   50;   89;   78;   98;    0;   -1
  280;20191208;   95;  120;   70;   85;   51;  106;   50;   90
  280;20191209;   59;   80;   30;   60;   40;   81;   10;   16
  280;20191210;   63;  100;   20;   45;   -3;   68;    5;    2
  280;20191211;   47;   90;   30;   58;   41;   70;   35;   21
  280;20191212;   54;   70;   40;   42;   27;   55;    5;    2
  280;20191213;   41;   70;   10;   35;   20;   56;   22;    9
  280;20191214;   73;  100;   50;   50;   30;   68;   40;   41
  280;20191215;   84;  120;   50;   64;   30;   90;   16;   24
  280;20191216;   41;   60;   20;   64;   42;   85;   26;   15
  280;20191217;   40;   60;   20;   91;   57;  129;   37;   30
  280;20191218;   37;   50;   30;   57;   44;   77;    0;    0
  280;20191219;   41;   60;   30;   96;   51;  130;    0;    0
  280;20191220;   60;   90;   40;  102;   79;  121;    2;    1
  280;20191221;   51;   70;   40;   76;   54;   89;    0;   -1
  280;20191222;   33;   60;   20;   71;   54;   83;   56;   27
  280;20191223;   52;   70;   40;   75;   62;   90;    4;    2
  280;20191224;   37;   60;   20;   65;   49;   79;   55;   66
  280;20191225;   25;   40;   10;   55;   14;   86;   23;   17
  280;20191226;   18;   30;   10;   49;   25;   69;    3;    1
  280;20191227;   31;   40;   20;   22;   -3;   48;    0;    0
  280;20191228;   21;   30;   10;   -3;  -27;   13;    0;    0
  280;20191229;   40;   60;   30;   14;  -17;   39;    0;    0
  280;20191230;   57;   70;   30;   50;   31;   78;    0;    0
  280;20191231;   21;   40;    0;   31;  -21;   83;    0;    0
  280;20200101;   33;   50;   10;    1;   -8;   11;    0;    0
  280;20200102;   53;   70;   40;   21;   -8;   61;    0;    0
  280;20200103;   56;   80;   30;   66;   26;   89;  110;   85
  280;20200104;   45;   70;   20;   48;   -8;   83;    5;    3
  280;20200105;   40;   60;   10;   51;  -10;   73;    0;   -1
  280;20200106;   48;   60;   40;   52;   29;   65;    1;    1
  280;20200107;   57;   90;   30;   64;   20;   83;    3;    1
  280;20200108;   47;   90;   10;   95;   74;  117;   34;   19
  280;20200109;   60;   90;   10;  110;   74;  123;   43;   19
  280;20200110;   49;   70;   30;   62;    2;  118;   30;   25
  280;20200111;   65;   90;   30;   48;   -5;   72;    0;   -1
  280;20200112;   75;  100;   40;   65;   22;   92;   46;   43
  280;20200113;   55;   90;   30;   65;   21;   94;    0;   -1
  280;20200114;   90;  120;   60;  101;   83;  126;   79;  113
  280;20200115;   82;  110;   40;   92;   51;  120;   59;   38
  280;20200116;   47;   60;   30;   67;   42;   91;    0;    0
  280;20200117;   56;   90;   40;   79;   49;   92;   15;   12
  280;20200118;   43;   70;   20;   38;   10;   70;   22;   39
  280;20200119;   25;   50;   10;   36;   -8;   83;    8;   12
  280;20200120;   30;   40;   20;   33;  -12;   74;    0;    0
  280;20200121;   40;   50;   30;   35;    5;   69;    0;    0
  280;20200122;   24;   40;   10;   44;   -8;   85;   13;    3
  280;20200123;   16;   30;   10;   19;   -6;   48;    0;    0
  280;20200124;   38;   50;   20;   25;   15;   36;    2;    2
  280;20200125;   42;   50;   30;   25;   16;   33;   16;    4
  280;20200126;   39;   60;   20;   39;    2;   72;    0;   -1
  280;20200127;   53;   70;   30;   78;   65;   93;   57;   56
  280;20200128;   63;   90;   30;   46;   17;   72;   76;  103
  280;20200129;   64;   80;   40;   50;   31;   72;   34;   63
  280;20200130;   84;  110;   60;   84;   56;  110;   32;    7
  280;20200131;   84;  120;   50;   98;   75;  118;   27;   23
  280;20200201;   86;  100;   70;  101;   79;  113;   38;   31
  280;20200202;   40;   90;   10;   71;   64;   82;   80;   37
  280;20200203;   65;   90;   40;   83;   52;  100;    5;    5
  280;20200204;   43;   60;   30;   53;   33;   73;    9;    6
  280;20200205;   25;   40;   10;   24;  -35;   78;    0;    0
  280;20200206;   23;   40;   10;   54;   10;   76;    0;    0
  280;20200207;   32;   50;   10;   53;   23;   79;    0;    0
  280;20200208;   46;   60;   40;   60;   21;   95;   19;    4
  280;20200209;  123;  160;   60;   93;   68;  112;   63;  115
  280;20200210;   98;  130;   20;   66;   14;   95;   30;   46
  280;20200211;  105;  120;   90;   46;   27;   58;   55;   45
  280;20200212;   83;  110;   50;   46;   23;   68;   20;   15
  280;20200213;   41;   70;   20;   39;   13;   57;   81;   99
  280;20200214;   36;   70;   20;   60;   45;   72;    8;    2
  280;20200215;   81;  120;   60;   97;   65;  125;    2;    1
  280;20200216;  105;  140;   40;  109;   76;  140;  105;  241
  280;20200217;  101;  120;   60;   77;   62;  100;   11;   23
  280;20200218;   87;  100;   70;   68;   49;   90;   37;   78
  280;20200219;   58;   80;   40;   52;   30;   74;   28;   14
  280;20200220;   80;  110;   60;   74;   44;  103;   97;   65
  280;20200221;   86;  110;   50;   70;   41;   85;   10;    1
  280;20200222;  105;  140;   60;   86;   68;  102;   43;   79
  280;20200223;   58;  100;   20;   63;   48;  105;  108;  173
  280;20200224;   68;  120;   30;   61;   27;  103;   84;  218
  280;20200225;   72;  110;   30;   52;   14;   84;   22;   37
  280;20200226;   33;   50;   20;   30;    2;   73;   26;   43
  280;20200227;   35;   50;   20;   22;    1;   42;   49;   23
  280;20200228;   57;  100;   30;   36;   -3;   69;   63;   84
  280;20200229;   89;  130;   70;   85;   48;  132;   57;   77
  280;20200301;   85;  130;   30;   57;   26;   94;    0;   -1
  280;20200302;   34;   50;    0;   50;   26;   73;   60;   67
  280;20200303;   36;   70;   10;   42;    5;   95;    4;   10
  280;20200304;   29;   50;    0;   39;  -14;   98;    4;    4
  280;20200305;   43;   70;   10;   48;  -14;   89;    5;    1
  280;20200306;   51;   60;   30;   53;   43;   62;   73;   18
  280;20200307;   47;   70;   20;   69;    6;  104;    0;   -1
  280;20200308;   67;   90;   40;   82;   65;   95;   13;   21
  280;20200309;   50;   70;   30;   73;   55;  108;   23;   21
  280;20200310;   84;  110;   70;   97;   56;  118;  142;  145
  280;20200311;   63;   90;   30;  101;   65;  138;   11;    7
  280;20200312;   99;  130;   60;   74;   43;  111;    7;   10
  280;20200313;   60;  100;   10;   51;  -30;   98;   16;   23
  280;20200314;   36;   60;    0;   57;  -33;  112;    0;    0
  280;20200315;   63;   90;   30;   95;   76;  126;    0;   -1
  280;20200316;   21;   30;    0;   68;   10;  126;    0;    0
  280;20200317;   55;   90;   20;   76;    2;  129;    0;    0
  280;20200318;   58;   80;   30;   94;   63;  120;    9;    2
  280;20200319;   30;   40;   20;   76;   62;  105;   11;    4
  280;20200320;   43;   60;   30;   62;   22;   84;    0;    0
  280;20200321;   60;   80;   40;   40;    5;   89;    0;    0
  280;20200322;   52;   80;   30;   31;  -11;   78;    0;    0
  280;20200323;   42;   60;   30;   36;  -14;   92;    0;    0
  280;20200324;   38;   60;   20;   49;  -15;  108;    0;    0
  280;20200325;   30;   50;   20;   54;  -16;  124;    0;    0
  280;20200326;   44;   70;   20;   51;  -16;  110;    0;    0
  280;20200327;   53;   80;   30;   74;    3;  142;    0;    0
  280;20200328;   56;   80;   30;   66;   45;  101;    0;   -1
  280;20200329;   67;  110;   10;   38;  -35;   58;    0;    0
  280;20200330;   40;   70;   10;   37;  -42;   90;    8;   11
  280;20200331;   25;   50;   10;   26;  -32;   86;    0;    0
  280;20200401;   34;   50;   10;   49;  -34;   86;    2;    1
  280;20200402;   58;   90;   20;   71;    4;  120;    3;    5
  280;20200403;   29;   50;   10;   49;  -16;   91;    1;    1
  280;20200404;   35;   60;   20;   85;   -8;  148;    0;    0
  280;20200405;   45;   80;   20;  121;   35;  196;    0;    0
  280;20200406;   42;   70;   10;  141;   64;  236;    0;   -1
  280;20200407;   26;   50;   10;  112;   57;  176;    0;    0
  280;20200408;   19;   40;   10;  128;   47;  219;    0;    0
  280;20200409;   27;   60;    0;   92;   21;  182;    0;    0
  280;20200410;   27;   40;   10;   76;   19;  138;    0;    0
  280;20200411;   17;   30;    0;  105;   23;  198;    0;    0
  280;20200412;   29;   50;   10;  129;   27;  213;    0;   -1
  280;20200413;   63;   80;   50;   68;   44;   91;    0;   -1
  280;20200414;   38;   50;   20;   55;   -1;   94;    0;   -1
  280;20200415;   28;   50;   10;   81;    1;  162;    0;    0
  280;20200416;   32;   60;    0;   85;   -3;  164;    0;    0
  280;20200417;   33;   50;   10;   70;    9;  123;    0;    0
  280;20200418;   49;   70;   10;  104;   11;  188;    0;    0
  280;20200419;   69;   80;   60;  105;   47;  165;    0;    0
  280;20200420;   67;   90;   40;  111;   27;  174;    0;    0
  280;20200421;   72;  100;   50;  125;   61;  184;    0;    0
  280;20200422;   61;   80;   40;  136;   68;  202;    0;    0
  280;20200423;   32;   50;   10;  145;   54;  225;    0;    0
  280;20200424;   41;   60;   20;  108;   67;  166;    0;    0
  280;20200425;   31;   50;   10;   89;    9;  142;    0;    0
  280;20200426;   15;   30;    0;   77;   -2;  147;    0;    0
  280;20200427;   33;   60;    0;  121;   27;  205;    0;    0
  280;20200428;   37;   50;   20;   87;   68;  109;   38;   16
  280;20200429;   31;   60;   10;  102;   70;  134;   53;   17
  280;20200430;   53;  100;   30;  116;   84;  160;   18;    8
  280;20200501;   51;   70;   30;   95;   66;  125;   48;   78
  280;20200502;   40;   70;   20;   93;   42;  138;    2;    1
  280;20200503;   29;   40;   10;  102;   51;  148;    0;   -1
  280;20200504;   32;   50;    0;   84;   20;  138;    0;    0
  280;20200505;   30;   50;    0;   69;  -11;  128;    0;    0
  280;20200506;   21;   40;    0;   76;  -14;  145;    0;    0
  280;20200507;   14;   20;    0;   95;  -11;  183;    0;    0
  280;20200508;   13;   30;    0;  131;   11;  217;    0;    0
  280;20200509;   25;   50;    0;  157;   74;  231;    0;    0
  280;20200510;   53;   90;   10;  112;   67;  192;    0;    0
  280;20200511;   63;   90;   20;   72;   27;  109;    7;    5
  280;20200512;   37;   60;   20;   66;    0;  126;    9;    9
  280;20200513;   42;   60;   20;   67;    8;  114;    0;   -1
  280;20200514;   28;   50;   10;   58;  -30;  123;    0;    0
  280;20200515;   31;   60;   10;   78;  -29;  145;    0;    0
  280;20200516;   38;   60;   20;  102;   29;  171;    0;    0
  280;20200517;   40;   70;   10;  114;    5;  188;    0;    0
  280;20200518;   47;   80;   20;  141;   65;  207;    0;    0
  280;20200519;   28;   40;   10;  152;  107;  200;    0;    0
  280;20200520;   23;   40;   10;  152;  106;  206;    0;    0
  280;20200521;   21;   30;   10;  182;   93;  253;    0;    0
  280;20200522;   43;   80;   30;  170;  122;  229;   17;   37
  280;20200523;   63;   90;   30;  146;  106;  189;    1;    1
  280;20200524;   49;   70;   30;  131;  102;  159;   29;   28
  280;20200525;   40;   60;    0;  128;   53;  172;    0;    0
  280;20200526;   16;   40;    0;  141;   44;  216;    0;    0
  280;20200527;   37;   70;    0;  135;   77;  191;    0;    0
  280;20200528;   35;   60;   10;  119;   37;  174;    0;    0
  280;20200529;   34;   70;    0;  127;   15;  209;    0;    0
  280;20200530;   36;   60;   10;  158;   76;  219;    0;    0
  280;20200531;   47;   70;   20;  157;   90;  214;    0;    0
  280;20200601;   43;   70;   20;  173;   89;  245;    0;    0
  280;20200602;   28;   50;   20;  202;  125;  274;    0;    0
  280;20200603;   33;   70;   10;  178;  130;  249;    0;    0
  280;20200604;   43;   60;   20;  124;   88;  144;   43;   45
  280;20200605;   46;   70;   30;   92;   57;  138;   50;   95
  280;20200606;   65;   90;   30;  115;   62;  162;    7;   27
  280;20200607;   54;   90;   10;  123;   87;  178;   14;    9
  280;20200608;   29;   50;   10;  133;   83;  186;    0;   -1
  280;20200609;   21;   30;   10;  119;   54;  160;    0;    0
  280;20200610;   28;   40;    0;  126;   47;  171;    0;   -1
  280;20200611;   32;   40;   20;  149;  131;  163;   87;   60
  280;20200612;   43;   60;   30;  195;  152;  250;    0;   -1
  280;20200613;   28;   60;   10;  205;  167;  271;    2;    1
  280;20200614;   19;   40;    0;  194;  165;  251;   53;  110
  280;20200615;   18;   30;   10;  178;  158;  211;   94;  131
  280;20200616;   19;   30;    0;  183;  140;  226;    0;    0
  280;20200617;   27;   50;   10;  185;  140;  234;    0;    0
  280;20200618;   18;   30;    0;  172;  149;  199;   37;   47
  280;20200619;   17;   40;    0;  173;  113;  232;    9;   44
  280;20200620;   30;   50;   10;  163;   95;  220;    0;    0
  280;20200621;   28;   50;    0;  176;   89;  248;    7;    3
  280;20200622;   26;   50;    0;  171;   94;  235;    0;    0
  280;20200623;   23;   50;    0;  183;   84;  258;    0;    0
  280;20200624;   31;   50;   20;  209;  126;  271;    0;    0
  280;20200625;   33;   50;   20;  230;  152;  292;    0;    0
  280;20200626;   32;   50;   10;  238;  169;  304;    0;    0
  280;20200627;   29;   60;    0;  207;  162;  272;   18;   54
  280;20200628;   58;   90;   10;  176;  118;  220;    0;   -1
  280;20200629;   69;   90;   30;  155;  120;  205;   12;    3
  280;20200630;   47;   70;   10;  141;  129;  172;   95;  110
  280;20200701;   43;   90;   10;  172;  124;  229;    0;   -1
  280;20200702;   33;   60;   10;  161;   95;  213;   23;   55
  280;20200703;   53;   90;    0;  166;   92;  216;    0;   -1
  280;20200704;   73;   90;   60;  162;  138;  175;  124;   81
  280;20200705;   70;  100;   30;  173;  138;  222;   56;   25
  280;20200706;   58;   90;   30;  141;   90;  182;    8;   14
  280;20200707;   38;   80;   10;  131;   66;  181;   31;   18
  280;20200708;   20;   30;   10;  135;  111;  174;   11;    4
  280;20200709;   40;   60;   30;  130;  118;  142;  210;  223
  280;20200710;   40;   50;   20;  131;   72;  176;   74;  100
  280;20200711;   26;   50;   10;  134;   71;  188;    9;   63
  280;20200712;   20;   40;    0;  139;   58;  205;    0;    0
  280;20200713;   13;   30;    0;  161;   63;  227;    0;    0
  280;20200714;   17;   40;   10;  145;   76;  176;   64;   47
  280;20200715;   14;   30;    0;  134;   77;  194;    0;   -1
  280;20200716;   13;   20;    0;  160;   89;  198;    0;   -1
  280;20200717;   14;   30;   10;  179;  134;  217;    0;    0
  280;20200718;   20;   40;    0;  196;  123;  255;    0;    0
  280;20200719;   31;   50;   10;  183;  144;  247;   13;   11
  280;20200720;   30;   50;   10;  150;   82;  200;    0;   -1
  280;20200721;   33;   50;   20;  140;   67;  203;    0;   -1
  280;20200722;   20;   40;    0;  145;   76;  197;    0;    0
  280;20200723;   36;   70;   10;  174;  121;  234;    0;    0
  280;20200724;   34;   60;   10;  176;  113;  236;    1;    1
  280;20200725;   36;   60;   10;  173;  105;  209;   49;  176
  280;20200726;   45;   70;   20;  178;  122;  223;   28;   59
  280;20200727;   37;   50;   20;  171;  128;  203;   20;   24
  280;20200728;   52;   80;   30;  164;  120;  206;    9;    6
  280;20200729;   45;   70;   20;  144;   74;  184;    2;    2
  280;20200730;   20;   40;   10;  160;   55;  232;    0;    0
  280;20200731;   25;   40;   10;  211;  116;  280;    0;    0
  280;20200801;   30;   60;   10;  198;  116;  269;    4;    1
  280;20200802;   33;   60;   10;  160;   96;  221;    3;   36
  280;20200803;   15;   50;    0;  143;   81;  200;   13;   32
  280;20200804;   23;   40;   10;  158;   82;  208;    0;    0
  280;20200805;   40;   70;   10;  197;  135;  262;    0;    0
  280;20200806;   22;   40;   10;  215;  129;  294;    0;    0
  280;20200807;   20;   30;   10;  237;  142;  321;    0;    0
  280;20200808;   17;   30;    0;  247;  145;  333;    0;    0
  280;20200809;   35;   60;   20;  236;  182;  302;    0;    0
  280;20200810;   30;   50;   20;  247;  169;  322;    0;    0
  280;20200811;   39;   60;   20;  262;  183;  330;    0;    0
  280;20200812;   34;   50;   20;  265;  197;  330;    0;    0
  280;20200813;   33;   50;   10;  254;  189;  320;    0;    0
  280;20200814;   18;   30;   10;  216;  183;  265;   19;   25
  280;20200815;   16;   30;    0;  213;  167;  262;    8;    6
  280;20200816;   21;   40;    0;  228;  159;  298;   15;   24
  280;20200817;   17;   30;   10;  189;  132;  228;   13;   33
  280;20200818;   24;   60;   10;  175;  119;  244;    6;   11
  280;20200819;   24;   40;   10;  201;  110;  263;    0;    0
  280;20200820;   36;   50;   20;  229;  192;  273;   11;   15
  280;20200821;   47;   90;   10;  234;  156;  300;    0;   -1
  280;20200822;   60;  100;   30;  185;  148;  230;    7;   14
  280;20200823;   47;   70;   20;  163;  120;  204;   10;   48
  280;20200824;   35;   60;   10;  153;   90;  193;   33;   56
  280;20200825;   45;   80;   10;  153;   82;  185;   35;   30
  280;20200826;   81;  110;   30;  166;  136;  206;  107;  139
  280;20200827;   24;   40;   10;  154;  107;  192;   21;   10
  280;20200828;   43;   80;   20;  151;  115;  214;   28;   64
  280;20200829;   53;   80;   30;  150;  108;  193;    5;    7
  280;20200830;   38;   60;   20;  156;  135;  205;   11;   12
  280;20200831;   26;   50;   10;  149;   97;  193;    3;    1
  280;20200901;   17;   40;    0;  142;   66;  205;    0;    0
  280;20200902;   10;   20;    0;  135;   41;  212;    0;    0
  280;20200903;   43;   70;    0;  141;   90;  182;  124;  208
  280;20200904;   33;   60;   20;  167;  130;  218;    0;    0
  280;20200905;   41;   60;   20;  140;   93;  189;   25;   24
  280;20200906;   34;   50;   20;  126;   77;  194;   11;   14
  280;20200907;   33;   50;   10;  138;   63;  205;    3;    6
  280;20200908;   45;   70;   30;  172;  141;  210;   19;    3
  280;20200909;   43;   60;   30;  160;   86;  195;   17;   17
  280;20200910;   17;   30;   10;  135;   67;  186;    0;    0
  280;20200911;   22;   40;   10;  135;   79;  190;    0;    0
  280;20200912;   38;   70;   10;  133;   75;  190;    1;    1
  280;20200913;   44;   80;   10;  159;  101;  232;    0;    0
  280;20200914;   17;   30;   10;  180;   89;  269;    0;    0
  280;20200915;   10;   20;    0;  203;  113;  298;    0;    0
  280;20200916;   36;   60;    0;  167;  121;  220;    0;    0
  280;20200917;   36;   60;   20;  128;   75;  182;    0;    0
  280;20200918;   40;   60;   30;  121;   48;  196;    0;    0
  280;20200919;   43;   60;   30;  135;   64;  220;    0;    0
  280;20200920;   36;   50;   20;  138;   60;  214;    0;    0
  280;20200921;   16;   30;    0;  141;   67;  236;    0;    0
  280;20200922;    9;   20;    0;  125;   41;  226;    0;    0
  280;20200923;   39;   70;    0;  158;   67;  225;   23;   67
  280;20200924;   51;   80;   10;  139;  103;  185;   27;   42
  280;20200925;   43;   70;   20;  113;   61;  147;   23;   26
  280;20200926;   33;   80;   10;  108;   31;  152;   53;   93
  280;20200927;   34;   80;    0;  139;  126;  167;   35;   13
  280;20200928;   27;   40;   10;  125;  115;  135;   24;   13
  280;20200929;   20;   30;    0;  129;  106;  172;   88;  137
  280;20200930;   30;   40;   20;  153;  127;  185;    1;    1
  280;20201001;   35;   50;   20;  137;  103;  172;   31;   31
  280;20201002;   47;   70;   10;  129;   64;  182;    0;    0
  280;20201003;   46;   70;   20;  132;   94;  154;   42;   86
  280;20201004;   52;   90;   30;  116;   95;  151;    8;    3
  280;20201005;   48;   70;   30;  114;   98;  128;   26;   16
  280;20201006;   50;   70;   30;  121;   95;  149;   35;   83
  280;20201007;   44;   70;   20;  117;   74;  161;    7;   56
  280;20201008;   58;   90;   30;  123;   94;  159;  116;  208
  280;20201009;   36;   60;   20;  101;   46;  151;   37;   41
  280;20201010;   40;   60;   20;   79;   42;  133;   13;   17
  280;20201011;   33;   50;   20;   84;   32;  127;   78;  135
  280;20201012;   25;   40;   10;   95;   49;  145;   13;   23
  280;20201013;   30;   40;   20;   90;   63;  140;    0;    0
  280;20201014;   44;   70;   20;   98;   74;  121;    0;    0
  280;20201015;   33;   50;   10;   87;   30;  115;    0;    0
  280;20201016;   14;   40;    0;   70;   13;  122;    0;    0
  280;20201017;   12;   30;    0;   88;   28;  138;    0;    0
  280;20201018;   25;   30;   20;   93;   51;  126;   10;   15
  280;20201019;   28;   40;   10;   91;   60;  117;    7;    4
  280;20201020;   43;   50;   30;  107;   65;  140;    6;    3
  280;20201021;   63;  140;   30;  145;  125;  182;   97;   78
  280;20201022;   63;   90;   30;  134;  103;  164;    0;   -1
  280;20201023;   38;   60;   20;  117;   67;  158;    1;    2
  280;20201024;   61;   80;   50;  130;  101;  153;   14;    4
  280;20201025;   55;   90;   30;  120;   90;  155;   23;   13
  280;20201026;   52;   60;   40;   99;   84;  121;    4;    3
  280;20201027;   61;   80;   40;   96;   75;  111;   48;   33
  280;20201028;   61;   90;   40;  101;   85;  132;   30;   15
  280;20201029;   54;   70;   20;  101;   60;  133;   91;   84
  280;20201030;   64;   80;   40;  140;  132;  145;  132;   64
  280;20201031;   48;   80;   30;  132;   89;  144;   47;   24
  280;20201101;   67;  100;   40;  132;   89;  174;   32;   18
  280;20201102;   93;  140;   40;  158;   94;  194;    6;    1
  280;20201103;   62;   90;   40;   91;   55;  122;   10;   13
  280;20201104;   35;   50;   20;   64;   10;  120;    1;    1
  280;20201105;   29;   40;   20;   69;    7;  113;    0;   -1
  280;20201106;   21;   30;    0;   92;   55;  131;    0;    0
  280;20201107;   17;   30;   10;   63;   22;  126;    0;    0
  280;20201108;   20;   30;   10;   71;   23;  126;    0;    0
  280;20201109;   20;   30;   10;   77;   47;  112;   18;   22
  280;20201110;   23;   30;   10;   56;   46;   69;    9;    2
  280;20201111;   23;   50;   10;   94;   69;  109;    0;    0
  280;20201112;   48;   80;   30;   98;   61;  124;   13;   21
  280;20201113;   38;   50;   20;   88;   50;  120;    3;    2
  280;20201114;   35;   60;   10;  109;   63;  138;    5;    3
  280;20201115;   65;   90;   50;  123;   85;  161;   58;   86
  280;20201116;   65;  100;   40;   96;   73;  121;   58;   25
  280;20201117;   72;   90;   50;  117;   78;  132;   44;   22
  280;20201118;   68;  100;   50;  123;  101;  138;   11;    5
  280;20201119;   55;   80;   30;   71;   13;  105;   20;   33
  280;20201120;   37;   70;   20;   50;   20;   91;   15;   25
  280;20201121;   72;   90;   60;   79;   46;   99;   23;    6
  280;20201122;   44;   70;   30;   71;   12;  110;   36;   18
  280;20201123;   40;   50;   30;   55;   15;  103;    0;   -1
  280;20201124;   45;   60;   30;   71;   41;   95;    0;    0
  280;20201125;   37;   50;   30;   58;   37;   83;    0;    0
  280;20201126;   19;   50;    0;   78;   50;  105;    0;   -1
  280;20201127;   20;   40;    0;   66;   49;   78;   31;    6
  280;20201128;   35;   50;   10;   47;   23;   64;    0;    0
  280;20201129;   23;   40;   10;   -1;  -45;   41;    0;    0
  280;20201130;   43;   60;   10;   13;  -50;   82;   93;   74
  280;20201201;   39;   60;   20;   72;   51;   93;   29;   22
  280;20201202;   25;   40;   20;   46;   43;   51;    0;   -1
  280;20201203;   52;   60;   40;   49;   37;   57;   83;   23
  280;20201204;   44;   70;   20;   55;   28;   85;   18;    8
  280;20201205;   21;   50;   10;   25;  -11;   63;   18;   13
  280;20201206;   21;   40;   10;   30;  -14;   57;  108;   82
  280;20201207;   38;   60;   10;   49;   31;   65;  114;   83
  280;20201208;   18;   20;   10;   35;   19;   45;    0;    0
  280;20201209;   24;   40;    0;   21;    8;   33;    0;    0
  280;20201210;   28;   40;   20;   12;    6;   17;    0;    0
  280;20201211;   38;   50;   30;   24;    2;   43;    0;   -1
  280;20201212;   25;   40;    0;   42;   28;   59;   38;   13
  280;20201213;   33;   60;   20;   53;   28;   77;    0;    0
  280;20201214;   53;   70;   30;   83;   56;  103;   49;   42
  280;20201215;   35;   50;   20;   86;   59;   93;   32;   15
  280;20201216;   35;   50;   20;   76;   64;   94;    0;    0
  280;20201217;   50;   70;   30;   84;   62;   98;   70;   52
  280;20201218;   55;   70;   50;   73;   57;   91;    0;    0
  280;20201219;   55;   70;   40;   88;   59;  115;    0;   -1
  280;20201220;   48;   60;   40;   83;   64;   97;    0;   -1
  280;20201221;   49;   60;   30;   69;   43;  104;  107;   55
  280;20201222;   46;   90;   10;   83;   25;  121;   59;   99
  280;20201223;   33;   60;   10;   65;   49;   76;  137;  187
  280;20201224;   34;   50;   10;   48;   30;   68;   48;   66
  280;20201225;   25;   40;   10;   27;  -15;   63;    6;    8
  280;20201226;   71;  110;   30;   42;   10;   60;   24;   11
  280;20201227;   92;  130;   30;   47;   40;   56;  175;  166
  280;20201228;   23;   30;   10;   31;   -2;   54;   10;    4
  280;20201229;   31;   50;   10;   27;   17;   39;  121;   44
  280;20201230;   50;   60;   40;   36;   22;   60;   38;   15
  280;20201231;   34;   50;   20;   17;  -33;   42;    0;   -1
  280;20210101;   27;   40;   20;   19;  -23;   57;    0;    0
  280;20210102;   21;   30;    0;   34;    9;   46;    6;    4
  280;20210103;   49;   70;   20;   35;   24;   42;    9;    3
  280;20210104;   71;   80;   60;   26;   17;   35;   13;    5
  280;20210105;   56;   70;   30;   25;   18;   30;   37;   11
  280;20210106;   23;   40;    0;   16;    5;   23;   52;   10
  280;20210107;   19;   30;   10;   16;    3;   36;   41;    6
  280;20210108;   19;   30;   10;   13;   -6;   43;   19;    5
  280;20210109;   11;   20;    0;    2;  -35;   50;    6;    1
  280;20210110;   42;   60;   10;   12;  -41;   42;   12;    2
  280;20210111;   78;   90;   60;   49;   37;   67;   82;   66
  280;20210112;   44;   70;   30;   43;    6;   72;   78;  105
  280;20210113;   53;   80;   30;   35;   10;   67;   22;   27
  280;20210114;   25;   50;   10;   -6;  -44;   22;    0;    0
  280;20210115;   18;   40;    0;    7;   -5;   19;    0;   -1
  280;20210116;   35;   50;   10;    3;   -9;   19;   36;    7
  280;20210117;   29;   40;   20;   14;   -8;   54;   55;   50
  280;20210118;   52;   70;   30;   35;  -16;   57;   32;   12
  280;20210119;   78;  110;   50;   70;   46;   95;  150;  142
  280;20210120;   83;  100;   70;   85;   69;  100;   16;   10
  280;20210121;   95;  130;   20;   71;   36;  110;   43;   61
  280;20210122;   57;   90;   30;   35;    5;   71;   30;   29
  280;20210123;   34;   70;    0;   16;  -16;   51;   14;    8
  280;20210124;   20;   40;   10;   -2;  -43;   51;    6;    2
  280;20210125;   30;   60;   10;   -4;  -67;   51;   47;   84
  280;20210126;   26;   40;   10;   21;   -7;   61;    0;   -1
  280;20210127;   37;   50;   30;   32;    3;   57;   61;   41
  280;20210128;   26;   40;   10;   21;   11;   47;    9;    2
  280;20210129;   47;   70;   20;   20;   -5;   74;  158;  178
  280;20210130;   31;   50;   10;  -18;  -55;    6;    0;    0
  280;20210131;   18;   40;    0;  -29;  -86;   15;    0;    0
  280;20210201;   28;   50;   10;  -16;  -36;   -2;    0;   -1
  280;20210202;   32;   50;   10;    3;   -7;   15;   81;   40
  280;20210203;   25;   50;   10;   55;    6;   93;  101;   85
  280;20210204;   25;   40;   10;   23;   16;   42;   35;   11
  280;20210205;   48;   60;   40;   24;   16;   33;   43;   63
  280;20210206;   81;  100;   60;    0;  -17;   16;    0;   -1
  280;20210207;  114;  130;  100;  -44;  -54;  -17;  155;   27
  280;20210208;   80;  100;   40;  -33;  -51;  -16;   24;    5
  280;20210209;   49;   70;   10;  -29;  -89;  -11;    0;   -1
  280;20210210;   27;   50;   10;  -38;  -98;  -10;    0;   -1
  280;20210211;   17;   40;    0;  -45; -126;    5;    0;    0
  280;20210212;   38;   60;   20;  -61; -104;  -24;    0;    0
  280;20210213;   26;   40;   20;  -62; -115;  -16;    0;    0
  280;20210214;   42;   70;   20;  -27;  -92;   19;    0;    0
  280;20210215;   52;   60;   30;   16;    4;   31;   71;   46
  280;20210216;   39;   60;   30;   53;   27;   74;   53;   29
  280;20210217;   52;   70;   40;   77;   55;   98;   34;   10
  280;20210218;   50;   60;   40;   84;   41;  108;   38;   82
  280;20210219;   50;   70;   40;   67;   26;  103;    0;    0
  280;20210220;   51;   70;   40;  117;   81;  157;    0;   -1
  280;20210221;   33;   50;   10;  101;   19;  167;    0;    0
  280;20210222;   34;   70;   20;  104;   20;  155;    0;   -1
  280;20210223;   47;   90;   20;  119;   56;  163;    0;    0
  280;20210224;   50;   80;   30;  130;   86;  174;    0;    0
  280;20210225;   43;   70;   20;  104;   59;  159;    0;    0
  280;20210226;   36;   60;   20;   61;   33;   99;    0;    0
  280;20210227;   20;   30;   10;   42;   -7;   85;    0;    0
  280;20210228;   14;   30;   10;   22;  -12;   73;    0;    0
  280;20210301;   32;   50;   10;   41;   15;   81;    0;    0
  280;20210302;   28;   40;   10;   49;    5;  123;    0;    0
  280;20210303;   24;   40;   10;   29;  -15;   84;    0;    0
  280;20210304;   32;   50;   10;   34;    9;   59;    0;   -1
  280;20210305;   21;   40;   10;   10;  -54;   68;    0;    0
  280;20210306;   21;   30;   10;   18;  -45;   61;    0;   -1
  280;20210307;   31;   50;   10;   33;   -6;   57;   17;   11
  280;20210308;   22;   50;   10;   39;   22;   63;   88;   38
  280;20210309;   22;   40;    0;   40;   26;   52;   40;   16
  280;20210310;   52;  100;   10;   51;   -1;   76;   76;   66
  280;20210311;  105;  170;   60;   80;   58;  109;   88;  133
  280;20210312;   79;  110;   30;   56;   16;   85;   33;   66
  280;20210313;   99;  130;   50;   60;   42;   88;  105;  106
  280;20210314;   53;   80;   30;   61;   30;  104;   31;   38
  280;20210315;   61;   90;   30;   57;   13;   83;   16;    6
  280;20210316;   43;   60;   30;   59;   42;   91;   10;    1
  280;20210317;   34;   60;   10;   35;  -22;   76;   19;   13
  280;20210318;   24;   40;   10;   29;  -28;   68;    5;    1
  280;20210319;   33;   50;   10;   34;  -36;   89;    0;    0
  280;20210320;   33;   60;    0;   32;  -45;   71;    8;    3
  280;20210321;   57;   70;   30;   58;   30;   73;   11;    3
  280;20210322;   35;   50;   20;   57;   21;   78;    0;   -1
  280;20210323;   35;   50;   20;   71;   19;  111;    0;    0
  280;20210324;   39;   70;   20;   72;   13;  136;    0;    0
  280;20210325;   35;   60;   10;   70;    7;  135;    5;    2
  280;20210326;   57;   90;   30;   99;   51;  153;    6;    1
  280;20210327;   60;   80;   30;   53;   14;   89;   39;   29
  280;20210328;   80;  120;   40;   81;   39;  113;   41;   11
  280;20210329;   65;   90;   30;  112;   58;  166;    0;   -1
  280;20210330;   25;   40;    0;  111;   27;  209;    0;    0
  280;20210331;   15;   30;   10;  130;   21;  237;    0;    0
  280;20210401;   39;   60;   10;   70;   13;  103;    0;    0
  280;20210402;   48;   70;   30;   59;   18;   81;    2;    1
  280;20210403;   41;   60;   20;   65;   36;  100;    0;    0
  280;20210404;   52;   80;   30;   61;   42;   81;    0;    0
  280;20210405;   70;  110;   30;   28;   -3;   75;   56;   59
  280;20210406;   54;   90;   20;   19;  -19;   65;   25;   27
  280;20210407;   56;  100;   30;   28;  -11;   75;   39;   45
  280;20210408;   57;  100;   10;   49;   -5;   94;    3;    1
  280;20210409;   46;   70;   10;   62;   42;  100;   43;   10
  280;20210410;   45;   70;    0;   45;   22;   79;   79;   93
  280;20210411;   49;   60;   20;   29;  -28;   60;   29;    8
  280;20210412;   40;   60;   20;   24;  -37;   75;   15;   29
  280;20210413;   42;   70;   10;   35;  -31;   94;    2;    4
  280;20210414;   30;   60;   10;   42;  -32;   90;   19;   11
  280;20210415;   28;   60;    0;   49;  -28;  107;    0;    0
  280;20210416;   35;   60;   10;   56;  -39;  116;    0;    0
  280;20210417;   34;   60;   10;   56;  -21;  118;    0;    0
  280;20210418;   24;   50;    0;   78;  -17;  151;    0;    0
  280;20210419;   27;   50;   10;   96;   39;  153;    0;    0
  280;20210420;   21;   50;    0;  104;   21;  177;    0;    0
  280;20210421;   38;   70;   10;   65;    1;  109;    0;    0
  280;20210422;   45;   60;   10;   61;  -21;  100;    0;    0
  280;20210423;   29;   50;   10;   54;  -26;  121;    0;    0
  280;20210424;   38;   60;    0;   62;  -22;  114;    0;    0
  280;20210425;   33;   50;    0;   62;  -19;  108;    0;    0
  280;20210426;   27;   50;   10;   47;  -45;  109;    0;    0
  280;20210427;   37;   50;   10;   75;  -13;  137;    0;    0
  280;20210428;   48;   70;   30;   95;   21;  158;    0;   -1
  280;20210429;   31;   50;   10;   82;   72;   94;   95;  164
  280;20210430;   16;   40;   10;   82;   60;  129;   58;   24
  280;20210501;   29;   50;    0;   79;   41;  120;    0;   -1
  280;20210502;   50;   70;   20;   62;    1;  102;    4;    3
  280;20210503;   46;   80;   10;   86;    9;  131;   33;   33
  280;20210504;  103;  120;   80;   82;   61;  122;  101;   78
  280;20210505;   76;  110;   40;   64;    7;  101;   29;   45
  280;20210506;   28;   50;   10;   49;    0;  100;   37;   77
  280;20210507;   39;   70;   10;   64;    5;  128;    0;   -1
  280;20210508;   40;   80;   10;   83;    0;  134;   63;   78
  280;20210509;   37;   50;   10;  179;   92;  248;   11;   12
  280;20210510;   45;  110;   10;  159;  118;  208;    5;    2
  280;20210511;   29;   50;   10;  130;  112;  161;   17;    5
  280;20210512;   31;   50;    0;  127;   54;  177;    0;    0
  280;20210513;   28;   40;   10;  104;   45;  159;    0;    0
  280;20210514;   26;   40;   10;   96;   74;  131;    0;    0
  280;20210515;   20;   30;   10;  103;   45;  157;   13;   47
  280;20210516;   29;   70;    0;  107;   62;  155;   12;   25
  280;20210517;   24;   50;   10;  106;   65;  153;   16;   16
  280;20210518;   22;   40;   10;   99;   33;  146;   10;   22
  280;20210519;   18;   40;    0;   87;   28;  142;   25;   76
  280;20210520;   35;   60;   10;  111;   13;  167;    0;   -1
  280;20210521;   81;  110;   50;  123;   92;  155;   23;   56
  280;20210522;   73;  100;   30;  102;   60;  137;   53;   56
  280;20210523;   37;   80;   10;  100;   35;  138;    9;   19
  280;20210524;   37;   60;   10;  115;   85;  143;   54;   41
  280;20210525;   40;   60;   30;   97;   60;  140;   73;   60
  280;20210526;   54;   80;   30;  102;   56;  146;   75;   42
  280;20210527;   49;   60;   20;  108;   77;  138;   50;   66
  280;20210528;   28;   40;   10;  118;   67;  170;    0;    0
  280;20210529;   25;   40;   10;  115;   74;  153;    0;    0
  280;20210530;   25;   50;   10;  124;   77;  185;    0;    0
  280;20210531;   29;   50;   20;  151;   78;  227;    0;    0
  280;20210601;   37;   70;   20;  177;   90;  242;    0;    0
  280;20210602;   33;   50;   20;  181;   96;  239;    0;    0
  280;20210603;   28;   50;   10;  202;  136;  274;    0;    0
  280;20210604;   22;   40;    0;  189;  125;  255;    0;    0
  280;20210605;   29;   40;   10;  158;  136;  190;   24;   70
  280;20210606;   34;   40;   20;  137;   88;  162;    0;    0
  280;20210607;   27;   40;   10;  153;   79;  211;    0;    0
  280;20210608;   18;   40;   10;  163;  110;  238;    0;    0
  280;20210609;   18;   50;    0;  186;   93;  259;    0;    0
  280;20210610;   21;   40;    0;  183;   72;  261;    0;    0
  280;20210611;   35;   60;    0;  190;  109;  253;    0;    0
  280;20210612;   48;   80;   20;  154;   68;  200;    0;    0
  280;20210613;   22;   40;   10;  152;   55;  219;    0;    0
  280;20210614;   38;   60;   10;  186;   88;  265;    0;    0
  280;20210615;   25;   40;   10;  156;  106;  206;    0;    0
  280;20210616;   23;   30;   10;  201;  103;  276;    0;    0
  280;20210617;   38;   70;   10;  245;  153;  336;    0;    0
  280;20210618;   38;   60;   10;  207;  165;  269;   15;  237
  280;20210619;   48;   70;   20;  188;  154;  231;    0;    0
  280;20210620;   46;   90;   20;  175;  138;  215;   18;   97
  280;20210621;   41;   60;   10;  130;   84;  144;  115;  133
  280;20210622;   32;   50;   10;  138;   90;  172;    0;    0
  280;20210623;   28;   40;   10;  137;   82;  169;    0;   -1
  280;20210624;   20;   30;   10;  141;   72;  187;    0;    0
  280;20210625;   19;   40;    0;  154;   56;  208;    0;   -1
  280;20210626;   23;   40;    0;  190;  146;  237;    0;    0
  280;20210627;   42;   60;   20;  187;  136;  242;    0;    0
  280;20210628;   28;   40;   20;  199;  141;  272;    0;   -1
  280;20210629;   28;   40;   10;  167;  147;  188;   17;    6
  280;20210630;   28;   40;   20;  139;  132;  148;   81;   90
  280;20210701;   40;   50;   30;  166;  134;  212;   36;   30
  280;20210702;   28;   50;    0;  164;  100;  221;    0;   -1
  280;20210703;   16;   40;    0;  181;   83;  245;    0;   -1
  280;20210704;   24;   40;   10;  186;  161;  239;   36;   93
  280;20210705;   30;   50;   10;  170;  144;  211;   25;   82
  280;20210706;   57;   90;   20;  178;  132;  228;    4;    6
  280;20210707;   33;   60;    0;  173;  116;  227;    2;    2
  280;20210708;   18;   40;    0;  176;  102;  237;    0;    0
  280;20210709;   18;   40;    0;  173;  115;  224;    0;    0
  280;20210710;   20;   40;    0;  170;  110;  221;    0;    0
  280;20210711;   29;   50;   10;  190;  124;  233;    6;    3
  280;20210712;   15;   30;    0;  201;  153;  243;    0;    0
  280;20210713;   30;   40;   20;  195;  169;  222;   35;    9
  280;20210714;   45;   60;   30;  205;  180;  240;   10;   50
  280;20210715;   53;   60;   40;  184;  163;  203;   27;   57
  280;20210716;   35;   50;   20;  173;  140;  199;    0;    0
  280;20210717;   38;   60;   10;  189;  131;  239;    0;    0
  280;20210718;   33;   70;   10;  188;  120;  249;    0;    0
  280;20210719;   30;   40;   10;  168;  117;  206;    0;    0
  280;20210720;   18;   40;    0;  169;  108;  215;    0;   -1
  280;20210721;   20;   30;   10;  176;   99;  223;    0;   -1
  280;20210722;   23;   40;   10;  174;  147;  211;    0;    0
  280;20210723;   18;   40;   10;  172;  130;  198;    0;    0
  280;20210724;   37;   50;   20;  194;  111;  251;   42;  101
  280;20210725;   33;   60;    0;  197;  152;  253;   49;  128
  280;20210726;   29;   60;   10;  202;  138;  253;    0;   -1
  280;20210727;   43;   60;   20;  190;  158;  237;   19;    7
  280;20210728;   53;   90;   30;  171;  146;  228;   10;   35
  280;20210729;   71;  100;   30;  160;  117;  209;   12;   15
  280;20210730;   38;   50;   20;  165;  114;  230;   11;   58
  280;20210731;   60;   90;   30;  168;  147;  210;   24;   74
  280;20210801;   31;   50;   20;  157;  115;  201;    7;   11
  280;20210802;   33;   50;   10;  148;   92;  190;    5;    5
  280;20210803;   19;   40;    0;  152;   73;  200;    0;    0
  280;20210804;   30;   40;   10;  167;  126;  214;    0;    0
  280;20210805;   22;   30;   10;  178;  101;  242;    5;    3
  280;20210806;   38;   60;   20;  173;  141;  221;   20;  172
  280;20210807;   35;   60;   10;  170;  136;  220;   13;   58
  280;20210808;   63;  100;   30;  165;  140;  205;   37;  114
  280;20210809;   46;   70;   30;  157;  137;  200;   14;   58
  280;20210810;   35;   60;   10;  160;  100;  209;   23;   21
  280;20210811;   22;   40;    0;  174;   97;  241;    0;    0
  280;20210812;   24;   50;    0;  187;  122;  244;    0;   -1
  280;20210813;   38;   80;    0;  173;  127;  218;    0;    0
  280;20210814;   43;   70;   10;  174;  134;  227;    0;   -1
  280;20210815;   34;   70;   10;  186;  136;  248;    1;    2
  280;20210816;   61;   90;   30;  157;  132;  180;   25;   55
  280;20210817;   47;   70;   20;  156;  123;  194;    0;   -1
  280;20210818;   48;   60;   30;  164;  123;  197;    0;   -1
  280;20210819;   23;   40;   10;  159;  143;  192;   49;   93
  280;20210820;   23;   30;    0;  168;  129;  221;    0;   -1
  280;20210821;   16;   30;   10;  186;  146;  232;    0;   -1
  280;20210822;   33;   60;   10;  177;  153;  209;   69;  170
  280;20210823;   39;   60;   20;  175;  132;  216;    0;    0
  280;20210824;   30;   40;   10;  170;  112;  218;    0;    0
  280;20210825;   34;   50;   10;  147;   88;  196;   16;   12
  280;20210826;   44;   70;   20;  166;  141;  203;    0;   -1
  280;20210827;   44;   70;   20;  159;  139;  192;    8;   40
  280;20210828;   46;   70;   20;  165;  152;  186;    9;   24
  280;20210829;   40;   50;   30;  166;  150;  180;   30;   14
  280;20210830;   38;   60;   20;  176;  128;  210;    0;   -1
  280;20210831;   33;   50;   20;  161;  126;  192;    0;   -1
  280;20210901;   16;   30;   10;  152;   85;  182;    0;    0
  280;20210902;   12;   20;    0;  137;   76;  194;    0;    0
  280;20210903;   22;   40;    0;  138;   61;  196;    0;    0
  280;20210904;   26;   40;   10;  154;  104;  197;    0;    0
  280;20210905;   23;   40;   10;  138;   72;  209;    0;    0
  280;20210906;    7;   20;    0;  149;   56;  223;    0;    0
  280;20210907;   13;   30;   10;  184;  129;  249;    0;    0
  280;20210908;   26;   40;   10;  189;  115;  262;    0;    0
  280;20210909;   22;   30;   10;  196;  122;  274;    0;    0
  280;20210910;   21;   40;   10;  193;  164;  241;   26;   91
  280;20210911;   38;   60;   20;  180;  160;  213;    6;    8
  280;20210912;   33;   50;   20;  164;  113;  204;    9;   10
  280;20210913;   16;   30;    0;  144;   84;  188;    0;   -1
  280;20210914;   25;   40;   10;  169;   88;  222;    0;   -1
  280;20210915;   35;   50;   20;  175;  128;  219;    0;   -1
  280;20210916;   37;   60;   20;  154;  114;  200;    4;    3
  280;20210917;   15;   30;   10;  145;   95;  197;    0;   -1
  280;20210918;   16;   30;   10;  149;   97;  204;    0;    0
  280;20210919;   36;   50;   20;  141;   92;  181;    0;    0
  280;20210920;   22;   40;    0;  121;   73;  168;    0;    0
  280;20210921;   30;   60;   10;  130;   78;  180;    0;    0
  280;20210922;   31;   50;   10;  138;   70;  213;    0;    0
  280;20210923;   54;   90;   30;  144;  111;  184;   13;    6
  280;20210924;   53;   90;   20;  167;  124;  213;    0;   -1
  280;20210925;   24;   50;   10;  179;  150;  204;    0;   -1
  280;20210926;   20;   40;   10;  179;  145;  225;    0;   -1
  280;20210927;   38;   70;   20;  151;   84;  212;   18;  119
  280;20210928;   30;   50;   10;  130;   80;  187;    0;    0
  280;20210929;   46;   70;   30;  109;   98;  125;   87;   74
  280;20210930;   62;   80;   40;  118;   69;  161;   10;    3
  280;20211001;   59;   80;   30;  133;  113;  164;   49;   31
  280;20211002;   44;   80;   20;  140;  113;  167;   67;   69
  280;20211003;   40;   80;    0;  129;  110;  165;  122;  203
  280;20211004;   54;   90;   30;  134;  107;  178;    0;    0
  280;20211005;   45;   60;   30;  126;   94;  180;   25;   23
  280;20211006;   31;   60;    0;  107;   41;  157;    0;   -1
  280;20211007;   13;   30;    0;   77;   37;  119;    0;    0
  280;20211008;   15;   30;    0;   97;   42;  171;    0;    0
  280;20211009;   25;   40;   10;   98;   36;  156;    0;    0
  280;20211010;   15;   30;    0;   93;    6;  159;    6;    7
  280;20211011;   31;   60;   20;  107;   72;  153;    1;    2
  280;20211012;   30;   50;   10;   99;   37;  144;   39;   72
  280;20211013;   32;   50;   10;  106;   45;  143;    6;    1
  280;20211014;   49;   70;   30;  132;  113;  150;    0;   -1
  280;20211015;   42;   70;   20;  106;   36;  144;   29;   74
  280;20211016;   30;   50;   10;   95;   32;  128;    0;   -1
  280;20211017;   42;   50;   30;  109;   86;  136;    0;   -1
  280;20211018;   35;   40;   30;  117;   79;  146;    0;   -1
  280;20211019;   55;   90;   30;  152;  123;  180;   18;    6
  280;20211020;   82;  110;   20;  152;  119;  175;    5;   13
  280;20211021;   53;  100;   20;   93;   57;  137;   91;  220
  280;20211022;   57;   90;   30;   80;   28;  114;   21;   48
  280;20211023;   31;   50;   10;   90;   38;  123;    0;   -1
  280;20211024;   30;   40;   10;   76;   25;  130;    0;    0
  280;20211025;   38;   50;   30;   92;   52;  114;   24;    7
  280;20211026;   55;   70;   30;  118;   81;  135;   14;    7
  280;20211027;   61;   80;   30;  134;   97;  152;    0;   -1
  280;20211028;   40;   50;   20;  117;   84;  165;    0;    0
  280;20211029;   53;   70;   40;  131;   93;  168;    0;   -1
  280;20211030;   44;   60;   30;  119;   98;  137;   57;   23
  280;20211031;   47;   70;   30;  117;   91;  148;   25;  162
  280;20211101;   61;   90;   30;   96;   63;  126;    0;    0
  280;20211102;   27;   50;   10;   71;   46;   95;   20;    4
  280;20211103;   17;   30;   10;   56;   21;   71;    0;    0
  280;20211104;   15;   30;   10;   60;   18;  109;    9;    1
  280;20211105;   32;   50;   20;   78;   27;  127;    8;    8
  280;20211106;   67;   90;   50;   99;   70;  113;   30;   29
  280;20211107;   52;   70;   30;   91;   67;  119;   48;  118
  280;20211108;   33;   50;   20;   83;   49;  117;   11;    5
  280;20211109;   45;   60;   20;   86;   55;  106;    0;    0
  280;20211110;   36;   40;   30;   92;   83;  107;   16;    3
  280;20211111;   33;   40;   20;   98;   86;  127;    6;    1
  280;20211112;   43;   50;   30;   82;   66;  102;   18;    6
  280;20211113;   24;   50;    0;   98;   81;  117;   34;   17
  280;20211114;   34;   40;   20;   86;   71;   97;    0;    0
  280;20211115;   29;   30;   20;   57;   51;   72;    0;   -1
  280;20211116;   18;   40;   10;   45;   40;   52;    0;   -1
  280;20211117;   45;   60;   30;   73;   46;  118;   15;    5
  280;20211118;   58;   90;   40;  101;   59;  125;    0;   -1
  280;20211119;   49;   60;   40;  112;   78;  139;    0;    0
  280;20211120;   50;   60;   40;   97;   86;  105;    0;   -1
  280;20211121;   35;   50;   20;   75;   40;  104;   30;   23
  280;20211122;   22;   30;   10;   38;  -32;   92;    3;    1
  280;20211123;   24;   40;   10;   73;   30;  109;   18;   10
  280;20211124;   31;   40;   20;   66;   56;   77;    0;    0
  280;20211125;   32;   40;   20;   48;   10;   92;   35;   21
  280;20211126;   50;   80;   10;   36;   20;   54;   71;   27
  280;20211127;   19;   40;   10;   37;   23;   50;  112;   53
  280;20211128;   26;   40;   10;   21;  -20;   42;   29;   24
  280;20211129;   25;   60;   10;   24;  -22;   56;   19;   17
  280;20211130;   53;   90;   30;   69;   37;   89;   96;   59
  280;20211201;   94;  130;   50;   74;   32;  102;   64;   36
